club_id,club,country,country_code,source_file,destination,method,score
459,Acassuso,Argentina,ARG,C:\Users\lfmou\OneDrive\Documentos\Trabalhos\vida_de_boleiro\source_club_logos\ARG\acassuso.png,ARG/acassuso.png,exact,1.000
460,Agropecuario,Argentina,ARG,C:\Users\lfmou\OneDrive\Documentos\Trabalhos\vida_de_boleiro\source_club_logos\ARG\agropecuario.png,ARG/agropecuario.png,exact,1.000
429,Aldosivi,Argentina,ARG,C:\Users\lfmou\OneDrive\Documentos\Trabalhos\vida_de_boleiro\source_club_logos\ARG\aldosivi.png,ARG/aldosivi.png,exact,1.000
461,All Boys,Argentina,ARG,C:\Users\lfmou\OneDrive\Documentos\Trabalhos\vida_de_boleiro\source_club_logos\ARG\all-boys.png,ARG/all-boys.png,exact,1.000
462,Almagro,Argentina,ARG,C:\Users\lfmou\OneDrive\Documentos\Trabalhos\vida_de_boleiro\source_club_logos\ARG\almagro.png,ARG/almagro.png,exact,1.000
463,Almirante Brown,Argentina,ARG,C:\Users\lfmou\OneDrive\Documentos\Trabalhos\vida_de_boleiro\source_club_logos\ARG\almirante-brown.png,ARG/almirante-brown.png,exact,1.000
430,Argentinos Juniors,Argentina,ARG,C:\Users\lfmou\OneDrive\Documentos\Trabalhos\vida_de_boleiro\source_club_logos\ARG\argentinos-juniors.png,ARG/argentinos-juniors.png,exact,1.000
464,Atlanta,Argentina,ARG,C:\Users\lfmou\OneDrive\Documentos\Trabalhos\vida_de_boleiro\source_club_logos\ARG\atlanta.png,ARG/atlanta.png,exact,1.000
431,Atlético Tucumán,Argentina,ARG,C:\Users\lfmou\OneDrive\Documentos\Trabalhos\vida_de_boleiro\source_club_logos\ARG\atletico-tucuman.png,ARG/atletico-tucuman.png,exact,1.000
465,Atlético de Rafaela,Argentina,ARG,C:\Users\lfmou\OneDrive\Documentos\Trabalhos\vida_de_boleiro\source_club_logos\ARG\atletico-de-rafaela.png,ARG/atletico-de-rafaela.png,exact,1.000
432,Banfield,Argentina,ARG,C:\Users\lfmou\OneDrive\Documentos\Trabalhos\vida_de_boleiro\source_club_logos\ARG\banfield.png,ARG/banfield.png,exact,1.000
433,Barracas Central,Argentina,ARG,C:\Users\lfmou\OneDrive\Documentos\Trabalhos\vida_de_boleiro\source_club_logos\ARG\barracas-central.png,ARG/barracas-central.png,exact,1.000
434,Belgrano,Argentina,ARG,C:\Users\lfmou\OneDrive\Documentos\Trabalhos\vida_de_boleiro\source_club_logos\ARG\belgrano.png,ARG/belgrano.png,exact,1.000
435,Boca Juniors,Argentina,ARG,C:\Users\lfmou\OneDrive\Documentos\Trabalhos\vida_de_boleiro\source_club_logos\ARG\boca-juniors.png,ARG/boca-juniors.png,exact,1.000
466,Central Norte,Argentina,ARG,C:\Users\lfmou\OneDrive\Documentos\Trabalhos\vida_de_boleiro\source_club_logos\ARG\central-norte.png,ARG/central-norte.png,exact,1.000
467,Chacarita Juniors,Argentina,ARG,C:\Users\lfmou\OneDrive\Documentos\Trabalhos\vida_de_boleiro\source_club_logos\ARG\chacarita-juniors.png,ARG/chacarita-juniors.png,exact,1.000
469,Ciudad de Bolívar,Argentina,ARG,C:\Users\lfmou\OneDrive\Documentos\Trabalhos\vida_de_boleiro\source_club_logos\ARG\ciudad-de-bolivar.png,ARG/ciudad-de-bolivar.png,exact,1.000
470,Colegiales,Argentina,ARG,C:\Users\lfmou\OneDrive\Documentos\Trabalhos\vida_de_boleiro\source_club_logos\ARG\colegiales.png,ARG/colegiales.png,exact,1.000
471,Colón,Argentina,ARG,C:\Users\lfmou\OneDrive\Documentos\Trabalhos\vida_de_boleiro\source_club_logos\ARG\colon.png,ARG/colon.png,exact,1.000
437,Defensa y Justicia,Argentina,ARG,C:\Users\lfmou\OneDrive\Documentos\Trabalhos\vida_de_boleiro\source_club_logos\ARG\defensa-y-justicia.png,ARG/defensa-y-justicia.png,exact,1.000
472,Defensores de Belgrano,Argentina,ARG,C:\Users\lfmou\OneDrive\Documentos\Trabalhos\vida_de_boleiro\source_club_logos\ARG\defensores-de-belgrano.png,ARG/defensores-de-belgrano.png,exact,1.000
473,Deportivo Madryn,Argentina,ARG,C:\Users\lfmou\OneDrive\Documentos\Trabalhos\vida_de_boleiro\source_club_logos\ARG\deportivo-madryn.png,ARG/deportivo-madryn.png,exact,1.000
474,Deportivo Maipú,Argentina,ARG,C:\Users\lfmou\OneDrive\Documentos\Trabalhos\vida_de_boleiro\source_club_logos\ARG\deportivo-maipu.png,ARG/deportivo-maipu.png,exact,1.000
475,Deportivo Morón,Argentina,ARG,C:\Users\lfmou\OneDrive\Documentos\Trabalhos\vida_de_boleiro\source_club_logos\ARG\deportivo-moron.png,ARG/deportivo-moron.png,exact,1.000
438,Deportivo Riestra,Argentina,ARG,C:\Users\lfmou\OneDrive\Documentos\Trabalhos\vida_de_boleiro\source_club_logos\ARG\deportivo-riestra.png,ARG/deportivo-riestra.png,exact,1.000
439,Estudiantes de Río Cuarto,Argentina,ARG,C:\Users\lfmou\OneDrive\Documentos\Trabalhos\vida_de_boleiro\source_club_logos\ARG\estudiantes-de-rio-cuarto.png,ARG/estudiantes-de-rio-cuarto.png,exact,1.000
478,Ferro Carril Oeste,Argentina,ARG,C:\Users\lfmou\OneDrive\Documentos\Trabalhos\vida_de_boleiro\source_club_logos\ARG\ferro-carril-oeste.png,ARG/ferro-carril-oeste.png,exact,1.000
477,Ferrocarril Midland,Argentina,ARG,C:\Users\lfmou\OneDrive\Documentos\Trabalhos\vida_de_boleiro\source_club_logos\ARG\ferrocarril-midland.png,ARG/ferrocarril-midland.png,exact,1.000
442,Gimnasia de Mendoza,Argentina,ARG,C:\Users\lfmou\OneDrive\Documentos\Trabalhos\vida_de_boleiro\source_club_logos\ARG\gimnasia-de-mendoza.png,ARG/gimnasia-de-mendoza.png,exact,1.000
479,Gimnasia y Esgrima (J),Argentina,ARG,C:\Users\lfmou\OneDrive\Documentos\Trabalhos\vida_de_boleiro\source_club_logos\ARG\gimnasia-y-esgrima-j.png,ARG/gimnasia-y-esgrima-j.png,exact,1.000
480,Gimnasia y Tiro,Argentina,ARG,C:\Users\lfmou\OneDrive\Documentos\Trabalhos\vida_de_boleiro\source_club_logos\ARG\gimnasia-y-tiro.png,ARG/gimnasia-y-tiro.png,exact,1.000
481,Godoy Cruz,Argentina,ARG,C:\Users\lfmou\OneDrive\Documentos\Trabalhos\vida_de_boleiro\source_club_logos\ARG\godoy-cruz.png,ARG/godoy-cruz.png,exact,1.000
482,Güemes,Argentina,ARG,C:\Users\lfmou\OneDrive\Documentos\Trabalhos\vida_de_boleiro\source_club_logos\ARG\guemes.png,ARG/guemes.png,exact,1.000
443,Huracán,Argentina,ARG,C:\Users\lfmou\OneDrive\Documentos\Trabalhos\vida_de_boleiro\source_club_logos\ARG\huracan.png,ARG/huracan.png,exact,1.000
444,Independiente,Argentina,ARG,C:\Users\lfmou\OneDrive\Documentos\Trabalhos\vida_de_boleiro\source_club_logos\ARG\independiente.png,ARG/independiente.png,exact,1.000
445,Independiente Rivadavia,Argentina,ARG,C:\Users\lfmou\OneDrive\Documentos\Trabalhos\vida_de_boleiro\source_club_logos\ARG\independiente-rivadavia.png,ARG/independiente-rivadavia.png,exact,1.000
446,Instituto,Argentina,ARG,C:\Users\lfmou\OneDrive\Documentos\Trabalhos\vida_de_boleiro\source_club_logos\ARG\instituto.png,ARG/instituto.png,exact,1.000
447,Lanús,Argentina,ARG,C:\Users\lfmou\OneDrive\Documentos\Trabalhos\vida_de_boleiro\source_club_logos\ARG\lanus.png,ARG/lanus.png,exact,1.000
483,Los Andes,Argentina,ARG,C:\Users\lfmou\OneDrive\Documentos\Trabalhos\vida_de_boleiro\source_club_logos\ARG\los-andes.png,ARG/los-andes.png,exact,1.000
448,Newell's Old Boys,Argentina,ARG,C:\Users\lfmou\OneDrive\Documentos\Trabalhos\vida_de_boleiro\source_club_logos\ARG\newell-s-old-boys.png,ARG/newell-s-old-boys.png,exact,1.000
485,Nueva Chicago,Argentina,ARG,C:\Users\lfmou\OneDrive\Documentos\Trabalhos\vida_de_boleiro\source_club_logos\ARG\nueva-chicago.png,ARG/nueva-chicago.png,exact,1.000
486,Patronato,Argentina,ARG,C:\Users\lfmou\OneDrive\Documentos\Trabalhos\vida_de_boleiro\source_club_logos\ARG\patronato.png,ARG/patronato.png,exact,1.000
449,Platense,Argentina,ARG,C:\Users\lfmou\OneDrive\Documentos\Trabalhos\vida_de_boleiro\source_club_logos\ARG\platense.png,ARG/platense.png,exact,1.000
487,Quilmes,Argentina,ARG,C:\Users\lfmou\OneDrive\Documentos\Trabalhos\vida_de_boleiro\source_club_logos\ARG\quilmes.png,ARG/quilmes.png,exact,1.000
488,Racing (Córdoba),Argentina,ARG,C:\Users\lfmou\OneDrive\Documentos\Trabalhos\vida_de_boleiro\source_club_logos\ARG\racing-cordoba.png,ARG/racing-cordoba.png,exact,1.000
450,Racing Club,Argentina,ARG,C:\Users\lfmou\OneDrive\Documentos\Trabalhos\vida_de_boleiro\source_club_logos\ARG\racing-club.png,ARG/racing-club.png,exact,1.000
451,River Plate,Argentina,ARG,C:\Users\lfmou\OneDrive\Documentos\Trabalhos\vida_de_boleiro\source_club_logos\ARG\river-plate.png,ARG/river-plate.png,exact,1.000
452,Rosario Central,Argentina,ARG,C:\Users\lfmou\OneDrive\Documentos\Trabalhos\vida_de_boleiro\source_club_logos\ARG\rosario-central.png,ARG/rosario-central.png,exact,1.000
489,San Martín (SJ),Argentina,ARG,C:\Users\lfmou\OneDrive\Documentos\Trabalhos\vida_de_boleiro\source_club_logos\ARG\san-martin-sj.png,ARG/san-martin-sj.png,exact,1.000
490,San Martín (Tucumán),Argentina,ARG,C:\Users\lfmou\OneDrive\Documentos\Trabalhos\vida_de_boleiro\source_club_logos\ARG\san-martin-tucuman.png,ARG/san-martin-tucuman.png,exact,1.000
491,San Miguel,Argentina,ARG,C:\Users\lfmou\OneDrive\Documentos\Trabalhos\vida_de_boleiro\source_club_logos\ARG\san-miguel.png,ARG/san-miguel.png,exact,1.000
492,San Telmo,Argentina,ARG,C:\Users\lfmou\OneDrive\Documentos\Trabalhos\vida_de_boleiro\source_club_logos\ARG\san-telmo.png,ARG/san-telmo.png,exact,1.000
454,Sarmiento,Argentina,ARG,C:\Users\lfmou\OneDrive\Documentos\Trabalhos\vida_de_boleiro\source_club_logos\ARG\sarmiento.png,ARG/sarmiento.png,exact,1.000
493,Temperley,Argentina,ARG,C:\Users\lfmou\OneDrive\Documentos\Trabalhos\vida_de_boleiro\source_club_logos\ARG\temperley.png,ARG/temperley.png,exact,1.000
456,Tigre,Argentina,ARG,C:\Users\lfmou\OneDrive\Documentos\Trabalhos\vida_de_boleiro\source_club_logos\ARG\tigre.png,ARG/tigre.png,exact,1.000
494,Tristán Suárez,Argentina,ARG,C:\Users\lfmou\OneDrive\Documentos\Trabalhos\vida_de_boleiro\source_club_logos\ARG\tristan-suarez.png,ARG/tristan-suarez.png,exact,1.000
457,Unión,Argentina,ARG,C:\Users\lfmou\OneDrive\Documentos\Trabalhos\vida_de_boleiro\source_club_logos\ARG\union.png,ARG/union.png,exact,1.000
458,Vélez Sarsfield,Argentina,ARG,C:\Users\lfmou\OneDrive\Documentos\Trabalhos\vida_de_boleiro\source_club_logos\ARG\velez-sarsfield.png,ARG/velez-sarsfield.png,exact,1.000
502,Cercle Brugge,Bélgica,BEL,C:\Users\lfmou\OneDrive\Documentos\Trabalhos\vida_de_boleiro\source_club_logos\BEL\cercle-brugge.png,BEL/cercle-brugge.png,exact,1.000
496,Club Brugge,Bélgica,BEL,C:\Users\lfmou\OneDrive\Documentos\Trabalhos\vida_de_boleiro\source_club_logos\BEL\club-brugge.png,BEL/club-brugge.png,exact,1.000
513,Club NXT,Bélgica,BEL,C:\Users\lfmou\OneDrive\Documentos\Trabalhos\vida_de_boleiro\source_club_logos\BEL\club-nxt.png,BEL/club-nxt.png,exact,1.000
515,Jong Genk,Bélgica,BEL,C:\Users\lfmou\OneDrive\Documentos\Trabalhos\vida_de_boleiro\source_club_logos\BEL\jong-genk.png,BEL/jong-genk.png,exact,1.000
517,K. Beerschot VA,Bélgica,BEL,C:\Users\lfmou\OneDrive\Documentos\Trabalhos\vida_de_boleiro\source_club_logos\BEL\k-beerschot-va.png,BEL/k-beerschot-va.png,exact,1.000
511,KV Kortrijk,Bélgica,BEL,C:\Users\lfmou\OneDrive\Documentos\Trabalhos\vida_de_boleiro\source_club_logos\BEL\kv-kortrijk.png,BEL/kv-kortrijk.png,exact,1.000
510,KV Mechelen,Bélgica,BEL,C:\Users\lfmou\OneDrive\Documentos\Trabalhos\vida_de_boleiro\source_club_logos\BEL\kv-mechelen.png,BEL/kv-mechelen.png,exact,1.000
508,RAAL La Louvière,Bélgica,BEL,C:\Users\lfmou\OneDrive\Documentos\Trabalhos\vida_de_boleiro\source_club_logos\BEL\raal-la-louviere.png,BEL/raal-la-louviere.png,exact,1.000
522,RFC Liège,Bélgica,BEL,C:\Users\lfmou\OneDrive\Documentos\Trabalhos\vida_de_boleiro\source_club_logos\BEL\rfc-liege.png,BEL/rfc-liege.png,exact,1.000
499,RSC Anderlecht,Bélgica,BEL,C:\Users\lfmou\OneDrive\Documentos\Trabalhos\vida_de_boleiro\source_club_logos\BEL\rsc-anderlecht.png,BEL/rsc-anderlecht.png,exact,1.000
526,RSCA Futures,Bélgica,BEL,C:\Users\lfmou\OneDrive\Documentos\Trabalhos\vida_de_boleiro\source_club_logos\BEL\rsca-futures.png,BEL/rsca-futures.png,exact,1.000
525,Royal Francs Borains,Bélgica,BEL,C:\Users\lfmou\OneDrive\Documentos\Trabalhos\vida_de_boleiro\source_club_logos\BEL\royal-francs-borains.png,BEL/royal-francs-borains.png,exact,1.000
506,SK Beveren,Bélgica,BEL,C:\Users\lfmou\OneDrive\Documentos\Trabalhos\vida_de_boleiro\source_club_logos\BEL\sk-beveren.png,BEL/sk-beveren.png,exact,1.000
501,SV Zulte Waregem,Bélgica,BEL,C:\Users\lfmou\OneDrive\Documentos\Trabalhos\vida_de_boleiro\source_club_logos\BEL\sv-zulte-waregem.png,BEL/sv-zulte-waregem.png,exact,1.000
527,Sporting Hasselt,Bélgica,BEL,C:\Users\lfmou\OneDrive\Documentos\Trabalhos\vida_de_boleiro\source_club_logos\BEL\sporting-hasselt.png,BEL/sporting-hasselt.png,exact,1.000
61,ABC,Brasil,BRA,C:\Users\lfmou\OneDrive\Documentos\Trabalhos\vida_de_boleiro\source_club_logos\BRA\abc.png,BRA/abc.png,exact,1.000
70,ASA,Brasil,BRA,C:\Users\lfmou\OneDrive\Documentos\Trabalhos\vida_de_boleiro\source_club_logos\BRA\asa.png,BRA/asa.png,exact,1.000
65,Altos,Brasil,BRA,C:\Users\lfmou\OneDrive\Documentos\Trabalhos\vida_de_boleiro\source_club_logos\BRA\altos.png,BRA/altos.png,exact,1.000
48,Amazonas,Brasil,BRA,C:\Users\lfmou\OneDrive\Documentos\Trabalhos\vida_de_boleiro\source_club_logos\BRA\amazonas.png,BRA/amazonas.png,exact,1.000
44,Anápolis,Brasil,BRA,C:\Users\lfmou\OneDrive\Documentos\Trabalhos\vida_de_boleiro\source_club_logos\BRA\anapolis.png,BRA/anapolis.png,exact,1.000
68,Aparecidense,Brasil,BRA,C:\Users\lfmou\OneDrive\Documentos\Trabalhos\vida_de_boleiro\source_club_logos\BRA\aparecidense.png,BRA/aparecidense.png,exact,1.000
69,Araguaína,Brasil,BRA,C:\Users\lfmou\OneDrive\Documentos\Trabalhos\vida_de_boleiro\source_club_logos\BRA\araguaina.png,BRA/araguaina.png,exact,1.000
72,Atlético de Alagoinhas,Brasil,BRA,C:\Users\lfmou\OneDrive\Documentos\Trabalhos\vida_de_boleiro\source_club_logos\BRA\atletico-de-alagoinhas.png,BRA/atletico-de-alagoinhas.png,exact,1.000
24,Avaí,Brasil,BRA,C:\Users\lfmou\OneDrive\Documentos\Trabalhos\vida_de_boleiro\source_club_logos\BRA\avai.png,BRA/avai.png,exact,1.000
73,Azuriz,Brasil,BRA,C:\Users\lfmou\OneDrive\Documentos\Trabalhos\vida_de_boleiro\source_club_logos\BRA\azuriz.png,BRA/azuriz.png,exact,1.000
6,Bahia,Brasil,BRA,C:\Users\lfmou\OneDrive\Documentos\Trabalhos\vida_de_boleiro\source_club_logos\BRA\bahia.png,BRA/bahia.png,exact,1.000
74,Betim,Brasil,BRA,C:\Users\lfmou\OneDrive\Documentos\Trabalhos\vida_de_boleiro\source_club_logos\BRA\betim.png,BRA/betim.png,exact,1.000
77,Blumenau,Brasil,BRA,C:\Users\lfmou\OneDrive\Documentos\Trabalhos\vida_de_boleiro\source_club_logos\BRA\blumenau.png,BRA/blumenau.png,exact,1.000
7,Botafogo,Brasil,BRA,C:\Users\lfmou\OneDrive\Documentos\Trabalhos\vida_de_boleiro\source_club_logos\BRA\botafogo.png,BRA/botafogo.png,exact,1.000
75,Brasil de Pelotas,Brasil,BRA,C:\Users\lfmou\OneDrive\Documentos\Trabalhos\vida_de_boleiro\source_club_logos\BRA\brasil-de-pelotas.png,BRA/brasil-de-pelotas.png,exact,1.000
76,Brasiliense,Brasil,BRA,C:\Users\lfmou\OneDrive\Documentos\Trabalhos\vida_de_boleiro\source_club_logos\BRA\brasiliense.png,BRA/brasiliense.png,exact,1.000
45,Brusque,Brasil,BRA,C:\Users\lfmou\OneDrive\Documentos\Trabalhos\vida_de_boleiro\source_club_logos\BRA\brusque.png,BRA/brusque.png,exact,1.000
82,CRAC,Brasil,BRA,C:\Users\lfmou\OneDrive\Documentos\Trabalhos\vida_de_boleiro\source_club_logos\BRA\crac.png,BRA/crac.png,exact,1.000
27,CRB,Brasil,BRA,C:\Users\lfmou\OneDrive\Documentos\Trabalhos\vida_de_boleiro\source_club_logos\BRA\crb.png,BRA/crb.png,exact,1.000
83,CSA,Brasil,BRA,C:\Users\lfmou\OneDrive\Documentos\Trabalhos\vida_de_boleiro\source_club_logos\BRA\csa.png,BRA/csa.png,exact,1.000
84,CSE,Brasil,BRA,C:\Users\lfmou\OneDrive\Documentos\Trabalhos\vida_de_boleiro\source_club_logos\BRA\cse.png,BRA/cse.png,exact,1.000
46,Caxias,Brasil,BRA,C:\Users\lfmou\OneDrive\Documentos\Trabalhos\vida_de_boleiro\source_club_logos\BRA\caxias.png,BRA/caxias.png,exact,1.000
26,Ceará,Brasil,BRA,C:\Users\lfmou\OneDrive\Documentos\Trabalhos\vida_de_boleiro\source_club_logos\BRA\ceara.png,BRA/ceara.png,exact,1.000
79,Ceilândia,Brasil,BRA,C:\Users\lfmou\OneDrive\Documentos\Trabalhos\vida_de_boleiro\source_club_logos\BRA\ceilandia.png,BRA/ceilandia.png,exact,1.000
80,Central,Brasil,BRA,C:\Users\lfmou\OneDrive\Documentos\Trabalhos\vida_de_boleiro\source_club_logos\BRA\central.png,BRA/central.png,exact,1.000
19,Chapecoense,Brasil,BRA,C:\Users\lfmou\OneDrive\Documentos\Trabalhos\vida_de_boleiro\source_club_logos\BRA\chapecoense.png,BRA/chapecoense.png,exact,1.000
81,Cianorte,Brasil,BRA,C:\Users\lfmou\OneDrive\Documentos\Trabalhos\vida_de_boleiro\source_club_logos\BRA\cianorte.png,BRA/cianorte.png,exact,1.000
47,Confiança,Brasil,BRA,C:\Users\lfmou\OneDrive\Documentos\Trabalhos\vida_de_boleiro\source_club_logos\BRA\confianca.png,BRA/confianca.png,exact,1.000
10,Corinthians,Brasil,BRA,C:\Users\lfmou\OneDrive\Documentos\Trabalhos\vida_de_boleiro\source_club_logos\BRA\corinthians.png,BRA/corinthians.png,exact,1.000
17,Coritiba,Brasil,BRA,C:\Users\lfmou\OneDrive\Documentos\Trabalhos\vida_de_boleiro\source_club_logos\BRA\coritiba.png,BRA/coritiba.png,exact,1.000
28,Criciúma,Brasil,BRA,C:\Users\lfmou\OneDrive\Documentos\Trabalhos\vida_de_boleiro\source_club_logos\BRA\criciuma.png,BRA/criciuma.png,exact,1.000
3,Cruzeiro,Brasil,BRA,C:\Users\lfmou\OneDrive\Documentos\Trabalhos\vida_de_boleiro\source_club_logos\BRA\cruzeiro.png,BRA/cruzeiro.png,exact,1.000
29,Cuiabá,Brasil,BRA,C:\Users\lfmou\OneDrive\Documentos\Trabalhos\vida_de_boleiro\source_club_logos\BRA\cuiaba.png,BRA/cuiaba.png,exact,1.000
86,Democrata GV,Brasil,BRA,C:\Users\lfmou\OneDrive\Documentos\Trabalhos\vida_de_boleiro\source_club_logos\BRA\democrata-gv.png,BRA/democrata-gv.png,exact,1.000
87,FC Cascavel,Brasil,BRA,C:\Users\lfmou\OneDrive\Documentos\Trabalhos\vida_de_boleiro\source_club_logos\BRA\fc-cascavel.png,BRA/fc-cascavel.png,exact,1.000
54,Ferroviária,Brasil,BRA,C:\Users\lfmou\OneDrive\Documentos\Trabalhos\vida_de_boleiro\source_club_logos\BRA\ferroviaria.png,BRA/ferroviaria.png,exact,1.000
88,Ferroviário,Brasil,BRA,C:\Users\lfmou\OneDrive\Documentos\Trabalhos\vida_de_boleiro\source_club_logos\BRA\ferroviario.png,BRA/ferroviario.png,exact,1.000
56,Figueirense,Brasil,BRA,C:\Users\lfmou\OneDrive\Documentos\Trabalhos\vida_de_boleiro\source_club_logos\BRA\figueirense.png,BRA/figueirense.png,exact,1.000
1,Flamengo,Brasil,BRA,C:\Users\lfmou\OneDrive\Documentos\Trabalhos\vida_de_boleiro\source_club_logos\BRA\flamengo.png,BRA/flamengo.png,exact,1.000
42,Floresta,Brasil,BRA,C:\Users\lfmou\OneDrive\Documentos\Trabalhos\vida_de_boleiro\source_club_logos\BRA\floresta.png,BRA/floresta.png,exact,1.000
5,Fluminense,Brasil,BRA,C:\Users\lfmou\OneDrive\Documentos\Trabalhos\vida_de_boleiro\source_club_logos\BRA\fluminense.png,BRA/fluminense.png,exact,1.000
30,Fortaleza,Brasil,BRA,C:\Users\lfmou\OneDrive\Documentos\Trabalhos\vida_de_boleiro\source_club_logos\BRA\fortaleza.png,BRA/fortaleza.png,exact,1.000
92,GAS,Brasil,BRA,C:\Users\lfmou\OneDrive\Documentos\Trabalhos\vida_de_boleiro\source_club_logos\BRA\gas.png,BRA/gas.png,exact,1.000
90,Galvez,Brasil,BRA,C:\Users\lfmou\OneDrive\Documentos\Trabalhos\vida_de_boleiro\source_club_logos\BRA\galvez.png,BRA/galvez.png,exact,1.000
91,Gama,Brasil,BRA,C:\Users\lfmou\OneDrive\Documentos\Trabalhos\vida_de_boleiro\source_club_logos\BRA\gama.png,BRA/gama.png,exact,1.000
94,Goiatuba,Brasil,BRA,C:\Users\lfmou\OneDrive\Documentos\Trabalhos\vida_de_boleiro\source_club_logos\BRA\goiatuba.png,BRA/goiatuba.png,exact,1.000
31,Goiás,Brasil,BRA,C:\Users\lfmou\OneDrive\Documentos\Trabalhos\vida_de_boleiro\source_club_logos\BRA\goias.png,BRA/goias.png,exact,1.000
11,Grêmio,Brasil,BRA,C:\Users\lfmou\OneDrive\Documentos\Trabalhos\vida_de_boleiro\source_club_logos\BRA\gremio.png,BRA/gremio.png,exact,1.000
95,Guaporé,Brasil,BRA,C:\Users\lfmou\OneDrive\Documentos\Trabalhos\vida_de_boleiro\source_club_logos\BRA\guapore.png,BRA/guapore.png,exact,1.000
50,Guarani,Brasil,BRA,C:\Users\lfmou\OneDrive\Documentos\Trabalhos\vida_de_boleiro\source_club_logos\BRA\guarani.png,BRA/guarani.png,exact,1.000
96,Guarany de Bagé,Brasil,BRA,C:\Users\lfmou\OneDrive\Documentos\Trabalhos\vida_de_boleiro\source_club_logos\BRA\guarany-de-bage.png,BRA/guarany-de-bage.png,exact,1.000
97,Humaitá,Brasil,BRA,C:\Users\lfmou\OneDrive\Documentos\Trabalhos\vida_de_boleiro\source_club_logos\BRA\humaita.png,BRA/humaita.png,exact,1.000
98,IAPE,Brasil,BRA,C:\Users\lfmou\OneDrive\Documentos\Trabalhos\vida_de_boleiro\source_club_logos\BRA\iape.png,BRA/iape.png,exact,1.000
99,Iguatu,Brasil,BRA,C:\Users\lfmou\OneDrive\Documentos\Trabalhos\vida_de_boleiro\source_club_logos\BRA\iguatu.png,BRA/iguatu.png,exact,1.000
100,Imperatriz,Brasil,BRA,C:\Users\lfmou\OneDrive\Documentos\Trabalhos\vida_de_boleiro\source_club_logos\BRA\imperatriz.png,BRA/imperatriz.png,exact,1.000
101,Independência,Brasil,BRA,C:\Users\lfmou\OneDrive\Documentos\Trabalhos\vida_de_boleiro\source_club_logos\BRA\independencia.png,BRA/independencia.png,exact,1.000
102,Inhumas,Brasil,BRA,C:\Users\lfmou\OneDrive\Documentos\Trabalhos\vida_de_boleiro\source_club_logos\BRA\inhumas.png,BRA/inhumas.png,exact,1.000
41,Inter de Limeira,Brasil,BRA,C:\Users\lfmou\OneDrive\Documentos\Trabalhos\vida_de_boleiro\source_club_logos\BRA\inter-de-limeira.png,BRA/inter-de-limeira.png,exact,1.000
16,Internacional,Brasil,BRA,C:\Users\lfmou\OneDrive\Documentos\Trabalhos\vida_de_boleiro\source_club_logos\BRA\internacional.png,BRA/internacional.png,exact,1.000
58,Itabaiana,Brasil,BRA,C:\Users\lfmou\OneDrive\Documentos\Trabalhos\vida_de_boleiro\source_club_logos\BRA\itabaiana.png,BRA/itabaiana.png,exact,1.000
43,Ituano,Brasil,BRA,C:\Users\lfmou\OneDrive\Documentos\Trabalhos\vida_de_boleiro\source_club_logos\BRA\ituano.png,BRA/ituano.png,exact,1.000
103,Ivinhema,Brasil,BRA,C:\Users\lfmou\OneDrive\Documentos\Trabalhos\vida_de_boleiro\source_club_logos\BRA\ivinhema.png,BRA/ivinhema.png,exact,1.000
104,Jacuipense,Brasil,BRA,C:\Users\lfmou\OneDrive\Documentos\Trabalhos\vida_de_boleiro\source_club_logos\BRA\jacuipense.png,BRA/jacuipense.png,exact,1.000
105,Joinville,Brasil,BRA,C:\Users\lfmou\OneDrive\Documentos\Trabalhos\vida_de_boleiro\source_club_logos\BRA\joinville.png,BRA/joinville.png,exact,1.000
106,Juazeirense,Brasil,BRA,C:\Users\lfmou\OneDrive\Documentos\Trabalhos\vida_de_boleiro\source_club_logos\BRA\juazeirense.png,BRA/juazeirense.png,exact,1.000
32,Juventude,Brasil,BRA,C:\Users\lfmou\OneDrive\Documentos\Trabalhos\vida_de_boleiro\source_club_logos\BRA\juventude.png,BRA/juventude.png,exact,1.000
107,Lagarto,Brasil,BRA,C:\Users\lfmou\OneDrive\Documentos\Trabalhos\vida_de_boleiro\source_club_logos\BRA\lagarto.png,BRA/lagarto.png,exact,1.000
108,Laguna,Brasil,BRA,C:\Users\lfmou\OneDrive\Documentos\Trabalhos\vida_de_boleiro\source_club_logos\BRA\laguna.png,BRA/laguna.png,exact,1.000
33,Londrina,Brasil,BRA,C:\Users\lfmou\OneDrive\Documentos\Trabalhos\vida_de_boleiro\source_club_logos\BRA\londrina.png,BRA/londrina.png,exact,1.000
109,Luverdense,Brasil,BRA,C:\Users\lfmou\OneDrive\Documentos\Trabalhos\vida_de_boleiro\source_club_logos\BRA\luverdense.png,BRA/luverdense.png,exact,1.000
155,Madureira,Brasil,BRA,C:\Users\lfmou\OneDrive\Documentos\Trabalhos\vida_de_boleiro\source_club_logos\BRA\madureira.png,BRA/madureira.png,exact,1.000
110,Maguary,Brasil,BRA,C:\Users\lfmou\OneDrive\Documentos\Trabalhos\vida_de_boleiro\source_club_logos\BRA\maguary.png,BRA/maguary.png,exact,1.000
111,Manauara,Brasil,BRA,C:\Users\lfmou\OneDrive\Documentos\Trabalhos\vida_de_boleiro\source_club_logos\BRA\manauara.png,BRA/manauara.png,exact,1.000
112,Manaus,Brasil,BRA,C:\Users\lfmou\OneDrive\Documentos\Trabalhos\vida_de_boleiro\source_club_logos\BRA\manaus.png,BRA/manaus.png,exact,1.000
113,Maracanã,Brasil,BRA,C:\Users\lfmou\OneDrive\Documentos\Trabalhos\vida_de_boleiro\source_club_logos\BRA\maracana.png,BRA/maracana.png,exact,1.000
49,Maranhão,Brasil,BRA,C:\Users\lfmou\OneDrive\Documentos\Trabalhos\vida_de_boleiro\source_club_logos\BRA\maranhao.png,BRA/maranhao.png,exact,1.000
114,Marcílio Dias,Brasil,BRA,C:\Users\lfmou\OneDrive\Documentos\Trabalhos\vida_de_boleiro\source_club_logos\BRA\marcilio-dias.png,BRA/marcilio-dias.png,exact,1.000
115,Maricá,Brasil,BRA,C:\Users\lfmou\OneDrive\Documentos\Trabalhos\vida_de_boleiro\source_club_logos\BRA\marica.png,BRA/marica.png,exact,1.000
53,Maringá,Brasil,BRA,C:\Users\lfmou\OneDrive\Documentos\Trabalhos\vida_de_boleiro\source_club_logos\BRA\maringa.png,BRA/maringa.png,exact,1.000
4,Mirassol,Brasil,BRA,C:\Users\lfmou\OneDrive\Documentos\Trabalhos\vida_de_boleiro\source_club_logos\BRA\mirassol.png,BRA/mirassol.png,exact,1.000
116,Mixto,Brasil,BRA,C:\Users\lfmou\OneDrive\Documentos\Trabalhos\vida_de_boleiro\source_club_logos\BRA\mixto.png,BRA/mixto.png,exact,1.000
118,Monte Roraima,Brasil,BRA,C:\Users\lfmou\OneDrive\Documentos\Trabalhos\vida_de_boleiro\source_club_logos\BRA\monte-roraima.png,BRA/monte-roraima.png,exact,1.000
117,Moto Club,Brasil,BRA,C:\Users\lfmou\OneDrive\Documentos\Trabalhos\vida_de_boleiro\source_club_logos\BRA\moto-club.png,BRA/moto-club.png,exact,1.000
120,Noroeste,Brasil,BRA,C:\Users\lfmou\OneDrive\Documentos\Trabalhos\vida_de_boleiro\source_club_logos\BRA\noroeste.png,BRA/noroeste.png,exact,1.000
121,Nova Iguaçu,Brasil,BRA,C:\Users\lfmou\OneDrive\Documentos\Trabalhos\vida_de_boleiro\source_club_logos\BRA\nova-iguacu.png,BRA/nova-iguacu.png,exact,1.000
35,Novorizontino,Brasil,BRA,C:\Users\lfmou\OneDrive\Documentos\Trabalhos\vida_de_boleiro\source_club_logos\BRA\novorizontino.png,BRA/novorizontino.png,exact,1.000
34,Náutico,Brasil,BRA,C:\Users\lfmou\OneDrive\Documentos\Trabalhos\vida_de_boleiro\source_club_logos\BRA\nautico.png,BRA/nautico.png,exact,1.000
124,Oratório,Brasil,BRA,C:\Users\lfmou\OneDrive\Documentos\Trabalhos\vida_de_boleiro\source_club_logos\BRA\oratorio.png,BRA/oratorio.png,exact,1.000
2,Palmeiras,Brasil,BRA,C:\Users\lfmou\OneDrive\Documentos\Trabalhos\vida_de_boleiro\source_club_logos\BRA\palmeiras.png,BRA/palmeiras.png,exact,1.000
125,Parnahyba,Brasil,BRA,C:\Users\lfmou\OneDrive\Documentos\Trabalhos\vida_de_boleiro\source_club_logos\BRA\parnahyba.png,BRA/parnahyba.png,exact,1.000
52,Paysandu,Brasil,BRA,C:\Users\lfmou\OneDrive\Documentos\Trabalhos\vida_de_boleiro\source_club_logos\BRA\paysandu.png,BRA/paysandu.png,exact,1.000
126,Piauí,Brasil,BRA,C:\Users\lfmou\OneDrive\Documentos\Trabalhos\vida_de_boleiro\source_club_logos\BRA\piaui.png,BRA/piaui.png,exact,1.000
37,Ponte Preta,Brasil,BRA,C:\Users\lfmou\OneDrive\Documentos\Trabalhos\vida_de_boleiro\source_club_logos\BRA\ponte-preta.png,BRA/ponte-preta.png,exact,1.000
93,Porto Velho,Brasil,BRA,C:\Users\lfmou\OneDrive\Documentos\Trabalhos\vida_de_boleiro\source_club_logos\BRA\porto-velho.png,BRA/porto-velho.png,exact,1.000
129,Pouso Alegre,Brasil,BRA,C:\Users\lfmou\OneDrive\Documentos\Trabalhos\vida_de_boleiro\source_club_logos\BRA\pouso-alegre.png,BRA/pouso-alegre.png,exact,1.000
131,Real Noroeste,Brasil,BRA,C:\Users\lfmou\OneDrive\Documentos\Trabalhos\vida_de_boleiro\source_club_logos\BRA\real-noroeste.png,BRA/real-noroeste.png,exact,1.000
20,Remo,Brasil,BRA,C:\Users\lfmou\OneDrive\Documentos\Trabalhos\vida_de_boleiro\source_club_logos\BRA\remo.png,BRA/remo.png,exact,1.000
132,Retrô,Brasil,BRA,C:\Users\lfmou\OneDrive\Documentos\Trabalhos\vida_de_boleiro\source_club_logos\BRA\retro.png,BRA/retro.png,exact,1.000
137,Santa Catarina,Brasil,BRA,C:\Users\lfmou\OneDrive\Documentos\Trabalhos\vida_de_boleiro\source_club_logos\BRA\santa-catarina.png,BRA/santa-catarina.png,exact,1.000
57,Santa Cruz,Brasil,BRA,C:\Users\lfmou\OneDrive\Documentos\Trabalhos\vida_de_boleiro\source_club_logos\BRA\santa-cruz.png,BRA/santa-cruz.png,exact,1.000
14,Santos,Brasil,BRA,C:\Users\lfmou\OneDrive\Documentos\Trabalhos\vida_de_boleiro\source_club_logos\BRA\santos.png,BRA/santos.png,exact,1.000
142,Sergipe,Brasil,BRA,C:\Users\lfmou\OneDrive\Documentos\Trabalhos\vida_de_boleiro\source_club_logos\BRA\sergipe.png,BRA/sergipe.png,exact,1.000
143,Serra Branca,Brasil,BRA,C:\Users\lfmou\OneDrive\Documentos\Trabalhos\vida_de_boleiro\source_club_logos\BRA\serra-branca.png,BRA/serra-branca.png,exact,1.000
144,Sousa,Brasil,BRA,C:\Users\lfmou\OneDrive\Documentos\Trabalhos\vida_de_boleiro\source_club_logos\BRA\sousa.png,BRA/sousa.png,exact,1.000
39,Sport,Brasil,BRA,C:\Users\lfmou\OneDrive\Documentos\Trabalhos\vida_de_boleiro\source_club_logos\BRA\sport.png,BRA/sport.png,exact,1.000
38,São Bernardo,Brasil,BRA,C:\Users\lfmou\OneDrive\Documentos\Trabalhos\vida_de_boleiro\source_club_logos\BRA\sao-bernardo.png,BRA/sao-bernardo.png,exact,1.000
139,São Joseense,Brasil,BRA,C:\Users\lfmou\OneDrive\Documentos\Trabalhos\vida_de_boleiro\source_club_logos\BRA\sao-joseense.png,BRA/sao-joseense.png,exact,1.000
140,São Luiz,Brasil,BRA,C:\Users\lfmou\OneDrive\Documentos\Trabalhos\vida_de_boleiro\source_club_logos\BRA\sao-luiz.png,BRA/sao-luiz.png,exact,1.000
8,São Paulo,Brasil,BRA,C:\Users\lfmou\OneDrive\Documentos\Trabalhos\vida_de_boleiro\source_club_logos\BRA\sao-paulo.png,BRA/sao-paulo.png,exact,1.000
145,Tirol,Brasil,BRA,C:\Users\lfmou\OneDrive\Documentos\Trabalhos\vida_de_boleiro\source_club_logos\BRA\tirol.png,BRA/tirol.png,exact,1.000
147,Tocantinópolis,Brasil,BRA,C:\Users\lfmou\OneDrive\Documentos\Trabalhos\vida_de_boleiro\source_club_logos\BRA\tocantinopolis.png,BRA/tocantinopolis.png,exact,1.000
148,Tombense,Brasil,BRA,C:\Users\lfmou\OneDrive\Documentos\Trabalhos\vida_de_boleiro\source_club_logos\BRA\tombense.png,BRA/tombense.png,exact,1.000
146,Trem,Brasil,BRA,C:\Users\lfmou\OneDrive\Documentos\Trabalhos\vida_de_boleiro\source_club_logos\BRA\trem.png,BRA/trem.png,exact,1.000
149,Treze,Brasil,BRA,C:\Users\lfmou\OneDrive\Documentos\Trabalhos\vida_de_boleiro\source_club_logos\BRA\treze.png,BRA/treze.png,exact,1.000
150,Tuna Luso,Brasil,BRA,C:\Users\lfmou\OneDrive\Documentos\Trabalhos\vida_de_boleiro\source_club_logos\BRA\tuna-luso.png,BRA/tuna-luso.png,exact,1.000
151,Uberlândia,Brasil,BRA,C:\Users\lfmou\OneDrive\Documentos\Trabalhos\vida_de_boleiro\source_club_logos\BRA\uberlandia.png,BRA/uberlandia.png,exact,1.000
152,União Rondonópolis,Brasil,BRA,C:\Users\lfmou\OneDrive\Documentos\Trabalhos\vida_de_boleiro\source_club_logos\BRA\uniao-rondonopolis.png,BRA/uniao-rondonopolis.png,exact,1.000
12,Vasco da Gama,Brasil,BRA,C:\Users\lfmou\OneDrive\Documentos\Trabalhos\vida_de_boleiro\source_club_logos\BRA\vasco-da-gama.png,BRA/vasco-da-gama.png,exact,1.000
153,Velo Clube,Brasil,BRA,C:\Users\lfmou\OneDrive\Documentos\Trabalhos\vida_de_boleiro\source_club_logos\BRA\velo-clube.png,BRA/velo-clube.png,exact,1.000
40,Vila Nova,Brasil,BRA,C:\Users\lfmou\OneDrive\Documentos\Trabalhos\vida_de_boleiro\source_club_logos\BRA\vila-nova.png,BRA/vila-nova.png,exact,1.000
15,Vitória,Brasil,BRA,C:\Users\lfmou\OneDrive\Documentos\Trabalhos\vida_de_boleiro\source_club_logos\BRA\vitoria.png,BRA/vitoria.png,exact,1.000
51,Volta Redonda,Brasil,BRA,C:\Users\lfmou\OneDrive\Documentos\Trabalhos\vida_de_boleiro\source_club_logos\BRA\volta-redonda.png,BRA/volta-redonda.png,exact,1.000
63,Água Santa,Brasil,BRA,C:\Users\lfmou\OneDrive\Documentos\Trabalhos\vida_de_boleiro\source_club_logos\BRA\agua-santa.png,BRA/agua-santa.png,exact,1.000
64,Águia de Marabá,Brasil,BRA,C:\Users\lfmou\OneDrive\Documentos\Trabalhos\vida_de_boleiro\source_club_logos\BRA\aguia-de-maraba.png,BRA/aguia-de-maraba.png,exact,1.000
157,Arsenal,Inglaterra,ENG,C:\Users\lfmou\OneDrive\Documentos\Trabalhos\vida_de_boleiro\source_club_logos\ENG\arsenal.png,ENG/arsenal.png,exact,1.000
158,Aston Villa,Inglaterra,ENG,C:\Users\lfmou\OneDrive\Documentos\Trabalhos\vida_de_boleiro\source_club_logos\ENG\aston-villa.png,ENG/aston-villa.png,exact,1.000
177,Birmingham City,Inglaterra,ENG,C:\Users\lfmou\OneDrive\Documentos\Trabalhos\vida_de_boleiro\source_club_logos\ENG\birmingham-city.png,ENG/birmingham-city.png,exact,1.000
178,Blackburn Rovers,Inglaterra,ENG,C:\Users\lfmou\OneDrive\Documentos\Trabalhos\vida_de_boleiro\source_club_logos\ENG\blackburn-rovers.png,ENG/blackburn-rovers.png,exact,1.000
179,Bolton Wanderers,Inglaterra,ENG,C:\Users\lfmou\OneDrive\Documentos\Trabalhos\vida_de_boleiro\source_club_logos\ENG\bolton-wanderers.png,ENG/bolton-wanderers.png,exact,1.000
159,Bournemouth,Inglaterra,ENG,C:\Users\lfmou\OneDrive\Documentos\Trabalhos\vida_de_boleiro\source_club_logos\ENG\bournemouth.png,ENG/bournemouth.png,exact,1.000
160,Brentford,Inglaterra,ENG,C:\Users\lfmou\OneDrive\Documentos\Trabalhos\vida_de_boleiro\source_club_logos\ENG\brentford.png,ENG/brentford.png,exact,1.000
161,Brighton & Hove Albion,Inglaterra,ENG,C:\Users\lfmou\OneDrive\Documentos\Trabalhos\vida_de_boleiro\source_club_logos\ENG\brighton-hove-albion.png,ENG/brighton-hove-albion.png,fuzzy,0.909
180,Bristol City,Inglaterra,ENG,C:\Users\lfmou\OneDrive\Documentos\Trabalhos\vida_de_boleiro\source_club_logos\ENG\bristol-city.png,ENG/bristol-city.png,exact,1.000
181,Burnley,Inglaterra,ENG,C:\Users\lfmou\OneDrive\Documentos\Trabalhos\vida_de_boleiro\source_club_logos\ENG\burnley.png,ENG/burnley.png,exact,1.000
182,Cardiff City,Inglaterra,ENG,C:\Users\lfmou\OneDrive\Documentos\Trabalhos\vida_de_boleiro\source_club_logos\ENG\cardiff-city.png,ENG/cardiff-city.png,exact,1.000
183,Charlton Athletic,Inglaterra,ENG,C:\Users\lfmou\OneDrive\Documentos\Trabalhos\vida_de_boleiro\source_club_logos\ENG\charlton-athletic.png,ENG/charlton-athletic.png,exact,1.000
162,Chelsea,Inglaterra,ENG,C:\Users\lfmou\OneDrive\Documentos\Trabalhos\vida_de_boleiro\source_club_logos\ENG\chelsea.png,ENG/chelsea.png,exact,1.000
163,Coventry City,Inglaterra,ENG,C:\Users\lfmou\OneDrive\Documentos\Trabalhos\vida_de_boleiro\source_club_logos\ENG\coventry-city.png,ENG/coventry-city.png,exact,1.000
164,Crystal Palace,Inglaterra,ENG,C:\Users\lfmou\OneDrive\Documentos\Trabalhos\vida_de_boleiro\source_club_logos\ENG\crystal-palace.png,ENG/crystal-palace.png,exact,1.000
184,Derby County,Inglaterra,ENG,C:\Users\lfmou\OneDrive\Documentos\Trabalhos\vida_de_boleiro\source_club_logos\ENG\derby-county.png,ENG/derby-county.png,exact,1.000
165,Everton,Inglaterra,ENG,C:\Users\lfmou\OneDrive\Documentos\Trabalhos\vida_de_boleiro\source_club_logos\ENG\everton.png,ENG/everton.png,exact,1.000
166,Fulham,Inglaterra,ENG,C:\Users\lfmou\OneDrive\Documentos\Trabalhos\vida_de_boleiro\source_club_logos\ENG\fulham.png,ENG/fulham.png,exact,1.000
167,Hull City,Inglaterra,ENG,C:\Users\lfmou\OneDrive\Documentos\Trabalhos\vida_de_boleiro\source_club_logos\ENG\hull-city.png,ENG/hull-city.png,exact,1.000
168,Ipswich Town,Inglaterra,ENG,C:\Users\lfmou\OneDrive\Documentos\Trabalhos\vida_de_boleiro\source_club_logos\ENG\ipswich-town.png,ENG/ipswich-town.png,exact,1.000
169,Leeds United,Inglaterra,ENG,C:\Users\lfmou\OneDrive\Documentos\Trabalhos\vida_de_boleiro\source_club_logos\ENG\leeds-united.png,ENG/leeds-united.png,exact,1.000
185,Lincoln City,Inglaterra,ENG,C:\Users\lfmou\OneDrive\Documentos\Trabalhos\vida_de_boleiro\source_club_logos\ENG\lincoln-city.png,ENG/lincoln-city.png,exact,1.000
170,Liverpool,Inglaterra,ENG,C:\Users\lfmou\OneDrive\Documentos\Trabalhos\vida_de_boleiro\source_club_logos\ENG\liverpool.png,ENG/liverpool.png,exact,1.000
171,Manchester City,Inglaterra,ENG,C:\Users\lfmou\OneDrive\Documentos\Trabalhos\vida_de_boleiro\source_club_logos\ENG\manchester-city.png,ENG/manchester-city.png,exact,1.000
172,Manchester United,Inglaterra,ENG,C:\Users\lfmou\OneDrive\Documentos\Trabalhos\vida_de_boleiro\source_club_logos\ENG\manchester-united.png,ENG/manchester-united.png,exact,1.000
186,Middlesbrough,Inglaterra,ENG,C:\Users\lfmou\OneDrive\Documentos\Trabalhos\vida_de_boleiro\source_club_logos\ENG\middlesbrough.png,ENG/middlesbrough.png,exact,1.000
187,Millwall,Inglaterra,ENG,C:\Users\lfmou\OneDrive\Documentos\Trabalhos\vida_de_boleiro\source_club_logos\ENG\millwall.png,ENG/millwall.png,exact,1.000
173,Newcastle United,Inglaterra,ENG,C:\Users\lfmou\OneDrive\Documentos\Trabalhos\vida_de_boleiro\source_club_logos\ENG\newcastle-united.png,ENG/newcastle-united.png,exact,1.000
188,Norwich City,Inglaterra,ENG,C:\Users\lfmou\OneDrive\Documentos\Trabalhos\vida_de_boleiro\source_club_logos\ENG\norwich-city.png,ENG/norwich-city.png,exact,1.000
189,Portsmouth,Inglaterra,ENG,C:\Users\lfmou\OneDrive\Documentos\Trabalhos\vida_de_boleiro\source_club_logos\ENG\portsmouth.png,ENG/portsmouth.png,exact,1.000
190,Preston North End,Inglaterra,ENG,C:\Users\lfmou\OneDrive\Documentos\Trabalhos\vida_de_boleiro\source_club_logos\ENG\preston-north-end.png,ENG/preston-north-end.png,exact,1.000
191,Queens Park Rangers,Inglaterra,ENG,C:\Users\lfmou\OneDrive\Documentos\Trabalhos\vida_de_boleiro\source_club_logos\ENG\queens-park-rangers.png,ENG/queens-park-rangers.png,exact,1.000
192,Sheffield United,Inglaterra,ENG,C:\Users\lfmou\OneDrive\Documentos\Trabalhos\vida_de_boleiro\source_club_logos\ENG\sheffield-united.png,ENG/sheffield-united.png,exact,1.000
193,Southampton,Inglaterra,ENG,C:\Users\lfmou\OneDrive\Documentos\Trabalhos\vida_de_boleiro\source_club_logos\ENG\southampton.png,ENG/southampton.png,exact,1.000
194,Stoke City,Inglaterra,ENG,C:\Users\lfmou\OneDrive\Documentos\Trabalhos\vida_de_boleiro\source_club_logos\ENG\stoke-city.png,ENG/stoke-city.png,exact,1.000
175,Sunderland,Inglaterra,ENG,C:\Users\lfmou\OneDrive\Documentos\Trabalhos\vida_de_boleiro\source_club_logos\ENG\sunderland.png,ENG/sunderland.png,exact,1.000
195,Swansea City,Inglaterra,ENG,C:\Users\lfmou\OneDrive\Documentos\Trabalhos\vida_de_boleiro\source_club_logos\ENG\swansea-city.png,ENG/swansea-city.png,exact,1.000
176,Tottenham Hotspur,Inglaterra,ENG,C:\Users\lfmou\OneDrive\Documentos\Trabalhos\vida_de_boleiro\source_club_logos\ENG\tottenham-hotspur.png,ENG/tottenham-hotspur.png,exact,1.000
196,Watford,Inglaterra,ENG,C:\Users\lfmou\OneDrive\Documentos\Trabalhos\vida_de_boleiro\source_club_logos\ENG\watford.png,ENG/watford.png,exact,1.000
197,West Bromwich Albion,Inglaterra,ENG,C:\Users\lfmou\OneDrive\Documentos\Trabalhos\vida_de_boleiro\source_club_logos\ENG\west-bromwich-albion.png,ENG/west-bromwich-albion.png,exact,1.000
198,West Ham United,Inglaterra,ENG,C:\Users\lfmou\OneDrive\Documentos\Trabalhos\vida_de_boleiro\source_club_logos\ENG\west-ham-united.png,ENG/west-ham-united.png,exact,1.000
199,Wolverhampton Wanderers,Inglaterra,ENG,C:\Users\lfmou\OneDrive\Documentos\Trabalhos\vida_de_boleiro\source_club_logos\ENG\wolverhampton-wanderers.png,ENG/wolverhampton-wanderers.png,exact,1.000
200,Wrexham,Inglaterra,ENG,C:\Users\lfmou\OneDrive\Documentos\Trabalhos\vida_de_boleiro\source_club_logos\ENG\wrexham.png,ENG/wrexham.png,exact,1.000
222,Albacete BP,Espanha,ESP,C:\Users\lfmou\OneDrive\Documentos\Trabalhos\vida_de_boleiro\source_club_logos\ESP\albacete-bp.png,ESP/albacete-bp.png,exact,1.000
201,Athletic Club,Espanha,ESP,C:\Users\lfmou\OneDrive\Documentos\Trabalhos\vida_de_boleiro\source_club_logos\ESP\athletic-club.png,ESP/athletic-club.png,exact,1.000
202,Atlético de Madrid,Espanha,ESP,C:\Users\lfmou\OneDrive\Documentos\Trabalhos\vida_de_boleiro\source_club_logos\ESP\atletico-de-madrid.png,ESP/atletico-de-madrid.png,exact,1.000
223,Burgos CF,Espanha,ESP,C:\Users\lfmou\OneDrive\Documentos\Trabalhos\vida_de_boleiro\source_club_logos\ESP\burgos-cf.png,ESP/burgos-cf.png,exact,1.000
203,CA Osasuna,Espanha,ESP,C:\Users\lfmou\OneDrive\Documentos\Trabalhos\vida_de_boleiro\source_club_logos\ESP\ca-osasuna.png,ESP/ca-osasuna.png,exact,1.000
225,CD Castellón,Espanha,ESP,C:\Users\lfmou\OneDrive\Documentos\Trabalhos\vida_de_boleiro\source_club_logos\ESP\cd-castellon.png,ESP/cd-castellon.png,exact,1.000
226,CD Eldense,Espanha,ESP,C:\Users\lfmou\OneDrive\Documentos\Trabalhos\vida_de_boleiro\source_club_logos\ESP\cd-eldense.png,ESP/cd-eldense.png,exact,1.000
227,CD Leganés,Espanha,ESP,C:\Users\lfmou\OneDrive\Documentos\Trabalhos\vida_de_boleiro\source_club_logos\ESP\cd-leganes.png,ESP/cd-leganes.png,exact,1.000
228,CD Tenerife,Espanha,ESP,C:\Users\lfmou\OneDrive\Documentos\Trabalhos\vida_de_boleiro\source_club_logos\ESP\cd-tenerife.png,ESP/cd-tenerife.png,exact,1.000
229,CE Sabadell,Espanha,ESP,C:\Users\lfmou\OneDrive\Documentos\Trabalhos\vida_de_boleiro\source_club_logos\ESP\ce-sabadell.png,ESP/ce-sabadell.png,exact,1.000
230,Celta Fortuna,Espanha,ESP,C:\Users\lfmou\OneDrive\Documentos\Trabalhos\vida_de_boleiro\source_club_logos\ESP\celta-fortuna.png,ESP/celta-fortuna.png,exact,1.000
224,Cádiz CF,Espanha,ESP,C:\Users\lfmou\OneDrive\Documentos\Trabalhos\vida_de_boleiro\source_club_logos\ESP\cadiz-cf.png,ESP/cadiz-cf.png,exact,1.000
231,Córdoba CF,Espanha,ESP,C:\Users\lfmou\OneDrive\Documentos\Trabalhos\vida_de_boleiro\source_club_logos\ESP\cordoba-cf.png,ESP/cordoba-cf.png,exact,1.000
205,Deportivo Alavés,Espanha,ESP,C:\Users\lfmou\OneDrive\Documentos\Trabalhos\vida_de_boleiro\source_club_logos\ESP\deportivo-alaves.png,ESP/deportivo-alaves.png,exact,1.000
206,Elche CF,Espanha,ESP,C:\Users\lfmou\OneDrive\Documentos\Trabalhos\vida_de_boleiro\source_club_logos\ESP\elche-cf.png,ESP/elche-cf.png,exact,1.000
232,FC Andorra,Espanha,ESP,C:\Users\lfmou\OneDrive\Documentos\Trabalhos\vida_de_boleiro\source_club_logos\ESP\fc-andorra.png,ESP/fc-andorra.png,exact,1.000
208,Getafe CF,Espanha,ESP,C:\Users\lfmou\OneDrive\Documentos\Trabalhos\vida_de_boleiro\source_club_logos\ESP\getafe-cf.png,ESP/getafe-cf.png,exact,1.000
233,Girona FC,Espanha,ESP,C:\Users\lfmou\OneDrive\Documentos\Trabalhos\vida_de_boleiro\source_club_logos\ESP\girona-fc.png,ESP/girona-fc.png,exact,1.000
234,Granada CF,Espanha,ESP,C:\Users\lfmou\OneDrive\Documentos\Trabalhos\vida_de_boleiro\source_club_logos\ESP\granada-cf.png,ESP/granada-cf.png,exact,1.000
209,Levante UD,Espanha,ESP,C:\Users\lfmou\OneDrive\Documentos\Trabalhos\vida_de_boleiro\source_club_logos\ESP\levante-ud.png,ESP/levante-ud.png,exact,1.000
210,Málaga CF,Espanha,ESP,C:\Users\lfmou\OneDrive\Documentos\Trabalhos\vida_de_boleiro\source_club_logos\ESP\malaga-cf.png,ESP/malaga-cf.png,exact,1.000
212,Rayo Vallecano,Espanha,ESP,C:\Users\lfmou\OneDrive\Documentos\Trabalhos\vida_de_boleiro\source_club_logos\ESP\rayo-vallecano.png,ESP/rayo-vallecano.png,exact,1.000
215,Real Betis,Espanha,ESP,C:\Users\lfmou\OneDrive\Documentos\Trabalhos\vida_de_boleiro\source_club_logos\ESP\real-betis.png,ESP/real-betis.png,exact,1.000
216,Real Madrid,Espanha,ESP,C:\Users\lfmou\OneDrive\Documentos\Trabalhos\vida_de_boleiro\source_club_logos\ESP\real-madrid.png,ESP/real-madrid.png,exact,1.000
237,Real Oviedo,Espanha,ESP,C:\Users\lfmou\OneDrive\Documentos\Trabalhos\vida_de_boleiro\source_club_logos\ESP\real-oviedo.png,ESP/real-oviedo.png,exact,1.000
217,Real Sociedad,Espanha,ESP,C:\Users\lfmou\OneDrive\Documentos\Trabalhos\vida_de_boleiro\source_club_logos\ESP\real-sociedad.png,ESP/real-sociedad.png,exact,1.000
239,Real Valladolid CF,Espanha,ESP,C:\Users\lfmou\OneDrive\Documentos\Trabalhos\vida_de_boleiro\source_club_logos\ESP\real-valladolid-cf.png,ESP/real-valladolid-cf.png,exact,1.000
218,Sevilla FC,Espanha,ESP,C:\Users\lfmou\OneDrive\Documentos\Trabalhos\vida_de_boleiro\source_club_logos\ESP\sevilla-fc.png,ESP/sevilla-fc.png,exact,1.000
241,UD Almería,Espanha,ESP,C:\Users\lfmou\OneDrive\Documentos\Trabalhos\vida_de_boleiro\source_club_logos\ESP\ud-almeria.png,ESP/ud-almeria.png,exact,1.000
242,UD Las Palmas,Espanha,ESP,C:\Users\lfmou\OneDrive\Documentos\Trabalhos\vida_de_boleiro\source_club_logos\ESP\ud-las-palmas.png,ESP/ud-las-palmas.png,exact,1.000
219,Valencia CF,Espanha,ESP,C:\Users\lfmou\OneDrive\Documentos\Trabalhos\vida_de_boleiro\source_club_logos\ESP\valencia-cf.png,ESP/valencia-cf.png,exact,1.000
220,Villarreal CF,Espanha,ESP,C:\Users\lfmou\OneDrive\Documentos\Trabalhos\vida_de_boleiro\source_club_logos\ESP\villarreal-cf.png,ESP/villarreal-cf.png,exact,1.000
330,AJ Auxerre,França,FRA,C:\Users\lfmou\OneDrive\Documentos\Trabalhos\vida_de_boleiro\source_club_logos\FRA\aj-auxerre.png,FRA/aj-auxerre.png,exact,1.000
349,AS Nancy Lorraine,França,FRA,C:\Users\lfmou\OneDrive\Documentos\Trabalhos\vida_de_boleiro\source_club_logos\FRA\as-nancy-lorraine.png,FRA/as-nancy-lorraine.png,exact,1.000
345,Clermont Foot 63,França,FRA,C:\Users\lfmou\OneDrive\Documentos\Trabalhos\vida_de_boleiro\source_club_logos\FRA\clermont-foot-63.png,FRA/clermont-foot-63.png,exact,1.000
342,EA Guingamp,França,FRA,C:\Users\lfmou\OneDrive\Documentos\Trabalhos\vida_de_boleiro\source_club_logos\FRA\ea-guingamp.png,FRA/ea-guingamp.png,exact,1.000
354,FC Annecy,França,FRA,C:\Users\lfmou\OneDrive\Documentos\Trabalhos\vida_de_boleiro\source_club_logos\FRA\fc-annecy.png,FRA/fc-annecy.png,exact,1.000
331,FC Lorient,França,FRA,C:\Users\lfmou\OneDrive\Documentos\Trabalhos\vida_de_boleiro\source_club_logos\FRA\fc-lorient.png,FRA/fc-lorient.png,exact,1.000
338,FC Metz,França,FRA,C:\Users\lfmou\OneDrive\Documentos\Trabalhos\vida_de_boleiro\source_club_logos\FRA\fc-metz.png,FRA/fc-metz.png,exact,1.000
337,FC Nantes,França,FRA,C:\Users\lfmou\OneDrive\Documentos\Trabalhos\vida_de_boleiro\source_club_logos\FRA\fc-nantes.png,FRA/fc-nantes.png,exact,1.000
333,Le Havre AC,França,FRA,C:\Users\lfmou\OneDrive\Documentos\Trabalhos\vida_de_boleiro\source_club_logos\FRA\le-havre-ac.png,FRA/le-havre-ac.png,exact,1.000
336,Le Mans FC,França,FRA,C:\Users\lfmou\OneDrive\Documentos\Trabalhos\vida_de_boleiro\source_club_logos\FRA\le-mans-fc.png,FRA/le-mans-fc.png,exact,1.000
320,Olympique de Marseille,França,FRA,C:\Users\lfmou\OneDrive\Documentos\Trabalhos\vida_de_boleiro\source_club_logos\FRA\olympique-de-marseille.png,FRA/olympique-de-marseille.png,exact,1.000
334,Paris FC,França,FRA,C:\Users\lfmou\OneDrive\Documentos\Trabalhos\vida_de_boleiro\source_club_logos\FRA\paris-fc.png,FRA/paris-fc.png,exact,1.000
346,Pau FC,França,FRA,C:\Users\lfmou\OneDrive\Documentos\Trabalhos\vida_de_boleiro\source_club_logos\FRA\pau-fc.png,FRA/pau-fc.png,exact,1.000
341,Stade de Reims,França,FRA,C:\Users\lfmou\OneDrive\Documentos\Trabalhos\vida_de_boleiro\source_club_logos\FRA\stade-de-reims.png,FRA/stade-de-reims.png,exact,1.000
328,Toulouse FC,França,FRA,C:\Users\lfmou\OneDrive\Documentos\Trabalhos\vida_de_boleiro\source_club_logos\FRA\toulouse-fc.png,FRA/toulouse-fc.png,exact,1.000
306,1. FC Kaiserslautern,Alemanha,GER,C:\Users\lfmou\OneDrive\Documentos\Trabalhos\vida_de_boleiro\source_club_logos\GER\1-fc-kaiserslautern.png,GER/1-fc-kaiserslautern.png,exact,1.000
314,1. FC Magdeburg,Alemanha,GER,C:\Users\lfmou\OneDrive\Documentos\Trabalhos\vida_de_boleiro\source_club_logos\GER\1-fc-magdeburg.png,GER/1-fc-magdeburg.png,exact,1.000
308,1. FC Nürnberg,Alemanha,GER,C:\Users\lfmou\OneDrive\Documentos\Trabalhos\vida_de_boleiro\source_club_logos\GER\1-fc-nurnberg.png,GER/1-fc-nurnberg.png,exact,1.000
293,1. FC Union Berlin,Alemanha,GER,C:\Users\lfmou\OneDrive\Documentos\Trabalhos\vida_de_boleiro\source_club_logos\GER\1-fc-union-berlin.png,GER/1-fc-union-berlin.png,exact,1.000
288,Bayer 04 Leverkusen,Alemanha,GER,C:\Users\lfmou\OneDrive\Documentos\Trabalhos\vida_de_boleiro\source_club_logos\GER\bayer-04-leverkusen.png,GER/bayer-04-leverkusen.png,exact,1.000
284,Borussia Dortmund,Alemanha,GER,C:\Users\lfmou\OneDrive\Documentos\Trabalhos\vida_de_boleiro\source_club_logos\GER\borussia-dortmund.png,GER/borussia-dortmund.png,exact,1.000
294,Borussia Mönchengladbach,Alemanha,GER,C:\Users\lfmou\OneDrive\Documentos\Trabalhos\vida_de_boleiro\source_club_logos\GER\borussia-monchengladbach.png,GER/borussia-monchengladbach.png,exact,1.000
315,Eintracht Braunschweig,Alemanha,GER,C:\Users\lfmou\OneDrive\Documentos\Trabalhos\vida_de_boleiro\source_club_logos\GER\eintracht-braunschweig.png,GER/eintracht-braunschweig.png,exact,1.000
290,Eintracht Frankfurt,Alemanha,GER,C:\Users\lfmou\OneDrive\Documentos\Trabalhos\vida_de_boleiro\source_club_logos\GER\eintracht-frankfurt.png,GER/eintracht-frankfurt.png,exact,1.000
291,FC Augsburg,Alemanha,GER,C:\Users\lfmou\OneDrive\Documentos\Trabalhos\vida_de_boleiro\source_club_logos\GER\fc-augsburg.png,GER/fc-augsburg.png,exact,1.000
283,FC Bayern München,Alemanha,GER,C:\Users\lfmou\OneDrive\Documentos\Trabalhos\vida_de_boleiro\source_club_logos\GER\fc-bayern-munchen.png,GER/fc-bayern-munchen.png,alias_fuzzy,0.889
318,FC Energie Cottbus,Alemanha,GER,C:\Users\lfmou\OneDrive\Documentos\Trabalhos\vida_de_boleiro\source_club_logos\GER\fc-energie-cottbus.png,GER/fc-energie-cottbus.png,exact,1.000
304,Hannover 96,Alemanha,GER,C:\Users\lfmou\OneDrive\Documentos\Trabalhos\vida_de_boleiro\source_club_logos\GER\hannover-96.png,GER/hannover-96.png,exact,1.000
312,Holstein Kiel,Alemanha,GER,C:\Users\lfmou\OneDrive\Documentos\Trabalhos\vida_de_boleiro\source_club_logos\GER\holstein-kiel.png,GER/holstein-kiel.png,exact,1.000
310,Karlsruher SC,Alemanha,GER,C:\Users\lfmou\OneDrive\Documentos\Trabalhos\vida_de_boleiro\source_club_logos\GER\karlsruher-sc.png,GER/karlsruher-sc.png,exact,1.000
285,RB Leipzig,Alemanha,GER,C:\Users\lfmou\OneDrive\Documentos\Trabalhos\vida_de_boleiro\source_club_logos\GER\rb-leipzig.png,GER/rb-leipzig.png,exact,1.000
300,SC Paderborn 07,Alemanha,GER,C:\Users\lfmou\OneDrive\Documentos\Trabalhos\vida_de_boleiro\source_club_logos\GER\sc-paderborn-07.png,GER/sc-paderborn-07.png,exact,1.000
311,SG Dynamo Dresden,Alemanha,GER,C:\Users\lfmou\OneDrive\Documentos\Trabalhos\vida_de_boleiro\source_club_logos\GER\sg-dynamo-dresden.png,GER/sg-dynamo-dresden.png,exact,1.000
299,SV Elversberg,Alemanha,GER,C:\Users\lfmou\OneDrive\Documentos\Trabalhos\vida_de_boleiro\source_club_logos\GER\sv-elversberg.png,GER/sv-elversberg.png,exact,1.000
297,SV Werder Bremen,Alemanha,GER,C:\Users\lfmou\OneDrive\Documentos\Trabalhos\vida_de_boleiro\source_club_logos\GER\sv-werder-bremen.png,GER/sv-werder-bremen.png,exact,1.000
316,SpVgg Greuther Fürth,Alemanha,GER,C:\Users\lfmou\OneDrive\Documentos\Trabalhos\vida_de_boleiro\source_club_logos\GER\spvgg-greuther-furth.png,GER/spvgg-greuther-furth.png,exact,1.000
287,TSG Hoffenheim,Alemanha,GER,C:\Users\lfmou\OneDrive\Documentos\Trabalhos\vida_de_boleiro\source_club_logos\GER\tsg-hoffenheim.png,GER/tsg-hoffenheim.png,exact,1.000
243,AC Milan,Itália,ITA,C:\Users\lfmou\OneDrive\Documentos\Trabalhos\vida_de_boleiro\source_club_logos\ITA\ac-milan.png,ITA/ac-milan.png,exact,1.000
263,Arezzo,Itália,ITA,C:\Users\lfmou\OneDrive\Documentos\Trabalhos\vida_de_boleiro\source_club_logos\ITA\arezzo.png,ITA/arezzo.png,exact,1.000
264,Ascoli,Itália,ITA,C:\Users\lfmou\OneDrive\Documentos\Trabalhos\vida_de_boleiro\source_club_logos\ITA\ascoli.png,ITA/ascoli.png,exact,1.000
244,Atalanta,Itália,ITA,C:\Users\lfmou\OneDrive\Documentos\Trabalhos\vida_de_boleiro\source_club_logos\ITA\atalanta.png,ITA/atalanta.png,exact,1.000
265,Avellino,Itália,ITA,C:\Users\lfmou\OneDrive\Documentos\Trabalhos\vida_de_boleiro\source_club_logos\ITA\avellino.png,ITA/avellino.png,exact,1.000
266,Benevento,Itália,ITA,C:\Users\lfmou\OneDrive\Documentos\Trabalhos\vida_de_boleiro\source_club_logos\ITA\benevento.png,ITA/benevento.png,exact,1.000
245,Bologna,Itália,ITA,C:\Users\lfmou\OneDrive\Documentos\Trabalhos\vida_de_boleiro\source_club_logos\ITA\bologna.png,ITA/bologna.png,exact,1.000
246,Cagliari,Itália,ITA,C:\Users\lfmou\OneDrive\Documentos\Trabalhos\vida_de_boleiro\source_club_logos\ITA\cagliari.png,ITA/cagliari.png,exact,1.000
267,Carrarese,Itália,ITA,C:\Users\lfmou\OneDrive\Documentos\Trabalhos\vida_de_boleiro\source_club_logos\ITA\carrarese.png,ITA/carrarese.png,exact,1.000
268,Catanzaro,Itália,ITA,C:\Users\lfmou\OneDrive\Documentos\Trabalhos\vida_de_boleiro\source_club_logos\ITA\catanzaro.png,ITA/catanzaro.png,exact,1.000
269,Cesena,Itália,ITA,C:\Users\lfmou\OneDrive\Documentos\Trabalhos\vida_de_boleiro\source_club_logos\ITA\cesena.png,ITA/cesena.png,exact,1.000
247,Como,Itália,ITA,C:\Users\lfmou\OneDrive\Documentos\Trabalhos\vida_de_boleiro\source_club_logos\ITA\como.png,ITA/como.png,exact,1.000
270,Cremonese,Itália,ITA,C:\Users\lfmou\OneDrive\Documentos\Trabalhos\vida_de_boleiro\source_club_logos\ITA\cremonese.png,ITA/cremonese.png,exact,1.000
271,Empoli,Itália,ITA,C:\Users\lfmou\OneDrive\Documentos\Trabalhos\vida_de_boleiro\source_club_logos\ITA\empoli.png,ITA/empoli.png,exact,1.000
248,Fiorentina,Itália,ITA,C:\Users\lfmou\OneDrive\Documentos\Trabalhos\vida_de_boleiro\source_club_logos\ITA\fiorentina.png,ITA/fiorentina.png,exact,1.000
249,Frosinone,Itália,ITA,C:\Users\lfmou\OneDrive\Documentos\Trabalhos\vida_de_boleiro\source_club_logos\ITA\frosinone.png,ITA/frosinone.png,exact,1.000
250,Genoa,Itália,ITA,C:\Users\lfmou\OneDrive\Documentos\Trabalhos\vida_de_boleiro\source_club_logos\ITA\genoa.png,ITA/genoa.png,exact,1.000
272,Hellas Verona,Itália,ITA,C:\Users\lfmou\OneDrive\Documentos\Trabalhos\vida_de_boleiro\source_club_logos\ITA\hellas-verona.png,ITA/hellas-verona.png,exact,1.000
273,Juve Stabia,Itália,ITA,C:\Users\lfmou\OneDrive\Documentos\Trabalhos\vida_de_boleiro\source_club_logos\ITA\juve-stabia.png,ITA/juve-stabia.png,exact,1.000
252,Juventus,Itália,ITA,C:\Users\lfmou\OneDrive\Documentos\Trabalhos\vida_de_boleiro\source_club_logos\ITA\juventus.png,ITA/juventus.png,exact,1.000
253,Lazio,Itália,ITA,C:\Users\lfmou\OneDrive\Documentos\Trabalhos\vida_de_boleiro\source_club_logos\ITA\lazio.png,ITA/lazio.png,exact,1.000
254,Lecce,Itália,ITA,C:\Users\lfmou\OneDrive\Documentos\Trabalhos\vida_de_boleiro\source_club_logos\ITA\lecce.png,ITA/lecce.png,exact,1.000
275,Mantova,Itália,ITA,C:\Users\lfmou\OneDrive\Documentos\Trabalhos\vida_de_boleiro\source_club_logos\ITA\mantova.png,ITA/mantova.png,exact,1.000
276,Modena,Itália,ITA,C:\Users\lfmou\OneDrive\Documentos\Trabalhos\vida_de_boleiro\source_club_logos\ITA\modena.png,ITA/modena.png,exact,1.000
255,Monza,Itália,ITA,C:\Users\lfmou\OneDrive\Documentos\Trabalhos\vida_de_boleiro\source_club_logos\ITA\monza.png,ITA/monza.png,exact,1.000
256,Napoli,Itália,ITA,C:\Users\lfmou\OneDrive\Documentos\Trabalhos\vida_de_boleiro\source_club_logos\ITA\napoli.png,ITA/napoli.png,exact,1.000
277,Padova,Itália,ITA,C:\Users\lfmou\OneDrive\Documentos\Trabalhos\vida_de_boleiro\source_club_logos\ITA\padova.png,ITA/padova.png,exact,1.000
278,Palermo,Itália,ITA,C:\Users\lfmou\OneDrive\Documentos\Trabalhos\vida_de_boleiro\source_club_logos\ITA\palermo.png,ITA/palermo.png,exact,1.000
257,Parma,Itália,ITA,C:\Users\lfmou\OneDrive\Documentos\Trabalhos\vida_de_boleiro\source_club_logos\ITA\parma.png,ITA/parma.png,exact,1.000
279,Pisa,Itália,ITA,C:\Users\lfmou\OneDrive\Documentos\Trabalhos\vida_de_boleiro\source_club_logos\ITA\pisa.png,ITA/pisa.png,exact,1.000
258,Roma,Itália,ITA,C:\Users\lfmou\OneDrive\Documentos\Trabalhos\vida_de_boleiro\source_club_logos\ITA\roma.png,ITA/roma.png,exact,1.000
280,Sampdoria,Itália,ITA,C:\Users\lfmou\OneDrive\Documentos\Trabalhos\vida_de_boleiro\source_club_logos\ITA\sampdoria.png,ITA/sampdoria.png,exact,1.000
259,Sassuolo,Itália,ITA,C:\Users\lfmou\OneDrive\Documentos\Trabalhos\vida_de_boleiro\source_club_logos\ITA\sassuolo.png,ITA/sassuolo.png,exact,1.000
281,Südtirol,Itália,ITA,C:\Users\lfmou\OneDrive\Documentos\Trabalhos\vida_de_boleiro\source_club_logos\ITA\sudtirol.png,ITA/sudtirol.png,exact,1.000
260,Torino,Itália,ITA,C:\Users\lfmou\OneDrive\Documentos\Trabalhos\vida_de_boleiro\source_club_logos\ITA\torino.png,ITA/torino.png,exact,1.000
261,Udinese,Itália,ITA,C:\Users\lfmou\OneDrive\Documentos\Trabalhos\vida_de_boleiro\source_club_logos\ITA\udinese.png,ITA/udinese.png,exact,1.000
262,Venezia,Itália,ITA,C:\Users\lfmou\OneDrive\Documentos\Trabalhos\vida_de_boleiro\source_club_logos\ITA\venezia.png,ITA/venezia.png,exact,1.000
282,Virtus Entella,Itália,ITA,C:\Users\lfmou\OneDrive\Documentos\Trabalhos\vida_de_boleiro\source_club_logos\ITA\virtus-entella.png,ITA/virtus-entella.png,exact,1.000
405,ADO Den Haag,Países Baixos,NED,C:\Users\lfmou\OneDrive\Documentos\Trabalhos\vida_de_boleiro\source_club_logos\NED\ado-den-haag.png,NED/ado-den-haag.png,exact,1.000
391,Ajax,Países Baixos,NED,C:\Users\lfmou\OneDrive\Documentos\Trabalhos\vida_de_boleiro\source_club_logos\NED\ajax.png,NED/ajax.png,exact,1.000
409,Almere City FC,Países Baixos,NED,C:\Users\lfmou\OneDrive\Documentos\Trabalhos\vida_de_boleiro\source_club_logos\NED\almere-city-fc.png,NED/almere-city-fc.png,exact,1.000
410,De Graafschap,Países Baixos,NED,C:\Users\lfmou\OneDrive\Documentos\Trabalhos\vida_de_boleiro\source_club_logos\NED\de-graafschap.png,NED/de-graafschap.png,exact,1.000
411,FC Den Bosch,Países Baixos,NED,C:\Users\lfmou\OneDrive\Documentos\Trabalhos\vida_de_boleiro\source_club_logos\NED\fc-den-bosch.png,NED/fc-den-bosch.png,exact,1.000
412,FC Dordrecht,Países Baixos,NED,C:\Users\lfmou\OneDrive\Documentos\Trabalhos\vida_de_boleiro\source_club_logos\NED\fc-dordrecht.png,NED/fc-dordrecht.png,exact,1.000
413,FC Eindhoven,Países Baixos,NED,C:\Users\lfmou\OneDrive\Documentos\Trabalhos\vida_de_boleiro\source_club_logos\NED\fc-eindhoven.png,NED/fc-eindhoven.png,exact,1.000
414,FC Emmen,Países Baixos,NED,C:\Users\lfmou\OneDrive\Documentos\Trabalhos\vida_de_boleiro\source_club_logos\NED\fc-emmen.png,NED/fc-emmen.png,exact,1.000
395,FC Twente,Países Baixos,NED,C:\Users\lfmou\OneDrive\Documentos\Trabalhos\vida_de_boleiro\source_club_logos\NED\fc-twente.png,NED/fc-twente.png,exact,1.000
396,FC Utrecht,Países Baixos,NED,C:\Users\lfmou\OneDrive\Documentos\Trabalhos\vida_de_boleiro\source_club_logos\NED\fc-utrecht.png,NED/fc-utrecht.png,exact,1.000
415,FC Volendam,Países Baixos,NED,C:\Users\lfmou\OneDrive\Documentos\Trabalhos\vida_de_boleiro\source_club_logos\NED\fc-volendam.png,NED/fc-volendam.png,exact,1.000
393,Feyenoord,Países Baixos,NED,C:\Users\lfmou\OneDrive\Documentos\Trabalhos\vida_de_boleiro\source_club_logos\NED\feyenoord.png,NED/feyenoord.png,exact,1.000
401,Fortuna Sittard,Países Baixos,NED,C:\Users\lfmou\OneDrive\Documentos\Trabalhos\vida_de_boleiro\source_club_logos\NED\fortuna-sittard.png,NED/fortuna-sittard.png,exact,1.000
402,Go Ahead Eagles,Países Baixos,NED,C:\Users\lfmou\OneDrive\Documentos\Trabalhos\vida_de_boleiro\source_club_logos\NED\go-ahead-eagles.png,NED/go-ahead-eagles.png,exact,1.000
416,Helmond Sport,Países Baixos,NED,C:\Users\lfmou\OneDrive\Documentos\Trabalhos\vida_de_boleiro\source_club_logos\NED\helmond-sport.png,NED/helmond-sport.png,exact,1.000
417,Heracles Almelo,Países Baixos,NED,C:\Users\lfmou\OneDrive\Documentos\Trabalhos\vida_de_boleiro\source_club_logos\NED\heracles-almelo.png,NED/heracles-almelo.png,exact,1.000
419,Jong AZ,Países Baixos,NED,C:\Users\lfmou\OneDrive\Documentos\Trabalhos\vida_de_boleiro\source_club_logos\NED\jong-az.png,NED/jong-az.png,exact,1.000
418,Jong Ajax,Países Baixos,NED,C:\Users\lfmou\OneDrive\Documentos\Trabalhos\vida_de_boleiro\source_club_logos\NED\jong-ajax.png,NED/jong-ajax.png,exact,1.000
420,Jong FC Utrecht,Países Baixos,NED,C:\Users\lfmou\OneDrive\Documentos\Trabalhos\vida_de_boleiro\source_club_logos\NED\jong-fc-utrecht.png,NED/jong-fc-utrecht.png,exact,1.000
421,Jong PSV,Países Baixos,NED,C:\Users\lfmou\OneDrive\Documentos\Trabalhos\vida_de_boleiro\source_club_logos\NED\jong-psv.png,NED/jong-psv.png,exact,1.000
422,MVV Maastricht,Países Baixos,NED,C:\Users\lfmou\OneDrive\Documentos\Trabalhos\vida_de_boleiro\source_club_logos\NED\mvv-maastricht.png,NED/mvv-maastricht.png,exact,1.000
397,N.E.C. Nijmegen,Países Baixos,NED,C:\Users\lfmou\OneDrive\Documentos\Trabalhos\vida_de_boleiro\source_club_logos\NED\n-e-c-nijmegen.png,NED/n-e-c-nijmegen.png,alias_fuzzy,0.923
423,NAC Breda,Países Baixos,NED,C:\Users\lfmou\OneDrive\Documentos\Trabalhos\vida_de_boleiro\source_club_logos\NED\nac-breda.png,NED/nac-breda.png,exact,1.000
403,PEC Zwolle,Países Baixos,NED,C:\Users\lfmou\OneDrive\Documentos\Trabalhos\vida_de_boleiro\source_club_logos\NED\pec-zwolle.png,NED/pec-zwolle.png,exact,1.000
424,RKC Waalwijk,Países Baixos,NED,C:\Users\lfmou\OneDrive\Documentos\Trabalhos\vida_de_boleiro\source_club_logos\NED\rkc-waalwijk.png,NED/rkc-waalwijk.png,exact,1.000
406,SC Cambuur,Países Baixos,NED,C:\Users\lfmou\OneDrive\Documentos\Trabalhos\vida_de_boleiro\source_club_logos\NED\sc-cambuur.png,NED/sc-cambuur.png,exact,1.000
400,Sparta Rotterdam,Países Baixos,NED,C:\Users\lfmou\OneDrive\Documentos\Trabalhos\vida_de_boleiro\source_club_logos\NED\sparta-rotterdam.png,NED/sparta-rotterdam.png,exact,1.000
426,TOP Oss,Países Baixos,NED,C:\Users\lfmou\OneDrive\Documentos\Trabalhos\vida_de_boleiro\source_club_logos\NED\top-oss.png,NED/top-oss.png,exact,1.000
407,Telstar,Países Baixos,NED,C:\Users\lfmou\OneDrive\Documentos\Trabalhos\vida_de_boleiro\source_club_logos\NED\telstar.png,NED/telstar.png,exact,1.000
427,Vitesse,Países Baixos,NED,C:\Users\lfmou\OneDrive\Documentos\Trabalhos\vida_de_boleiro\source_club_logos\NED\vitesse.png,NED/vitesse.png,exact,1.000
408,Willem II,Países Baixos,NED,C:\Users\lfmou\OneDrive\Documentos\Trabalhos\vida_de_boleiro\source_club_logos\NED\willem-ii.png,NED/willem-ii.png,exact,1.000
398,sc Heerenveen,Países Baixos,NED,C:\Users\lfmou\OneDrive\Documentos\Trabalhos\vida_de_boleiro\source_club_logos\NED\sc-heerenveen.png,NED/sc-heerenveen.png,exact,1.000
373,Académica,Portugal,POR,C:\Users\lfmou\OneDrive\Documentos\Trabalhos\vida_de_boleiro\source_club_logos\POR\academica.png,POR/academica.png,exact,1.000
372,Académico de Viseu,Portugal,POR,C:\Users\lfmou\OneDrive\Documentos\Trabalhos\vida_de_boleiro\source_club_logos\POR\academico-de-viseu.png,POR/academico-de-viseu.png,exact,1.000
375,Amarante FC,Portugal,POR,C:\Users\lfmou\OneDrive\Documentos\Trabalhos\vida_de_boleiro\source_club_logos\POR\amarante-fc.png,POR/amarante-fc.png,exact,1.000
379,CD Feirense,Portugal,POR,C:\Users\lfmou\OneDrive\Documentos\Trabalhos\vida_de_boleiro\source_club_logos\POR\cd-feirense.png,POR/cd-feirense.png,exact,1.000
387,CD Tondela,Portugal,POR,C:\Users\lfmou\OneDrive\Documentos\Trabalhos\vida_de_boleiro\source_club_logos\POR\cd-tondela.png,POR/cd-tondela.png,exact,1.000
370,Casa Pia AC,Portugal,POR,C:\Users\lfmou\OneDrive\Documentos\Trabalhos\vida_de_boleiro\source_club_logos\POR\casa-pia-ac.png,POR/casa-pia-ac.png,exact,1.000
364,Estoril Praia,Portugal,POR,C:\Users\lfmou\OneDrive\Documentos\Trabalhos\vida_de_boleiro\source_club_logos\POR\estoril-praia.png,POR/estoril-praia.png,exact,1.000
369,Estrela da Amadora,Portugal,POR,C:\Users\lfmou\OneDrive\Documentos\Trabalhos\vida_de_boleiro\source_club_logos\POR\estrela-da-amadora.png,POR/estrela-da-amadora.png,exact,1.000
365,FC Alverca,Portugal,POR,C:\Users\lfmou\OneDrive\Documentos\Trabalhos\vida_de_boleiro\source_club_logos\POR\fc-alverca.png,POR/fc-alverca.png,exact,1.000
363,FC Arouca,Portugal,POR,C:\Users\lfmou\OneDrive\Documentos\Trabalhos\vida_de_boleiro\source_club_logos\POR\fc-arouca.png,POR/fc-arouca.png,exact,1.000
360,FC Famalicão,Portugal,POR,C:\Users\lfmou\OneDrive\Documentos\Trabalhos\vida_de_boleiro\source_club_logos\POR\fc-famalicao.png,POR/fc-famalicao.png,exact,1.000
383,FC Penafiel,Portugal,POR,C:\Users\lfmou\OneDrive\Documentos\Trabalhos\vida_de_boleiro\source_club_logos\POR\fc-penafiel.png,POR/fc-penafiel.png,exact,1.000
367,FC Santa Clara,Portugal,POR,C:\Users\lfmou\OneDrive\Documentos\Trabalhos\vida_de_boleiro\source_club_logos\POR\fc-santa-clara.png,POR/fc-santa-clara.png,exact,1.000
390,FC Vizela,Portugal,POR,C:\Users\lfmou\OneDrive\Documentos\Trabalhos\vida_de_boleiro\source_club_logos\POR\fc-vizela.png,POR/fc-vizela.png,exact,1.000
377,GD Chaves,Portugal,POR,C:\Users\lfmou\OneDrive\Documentos\Trabalhos\vida_de_boleiro\source_club_logos\POR\gd-chaves.png,POR/gd-chaves.png,exact,1.000
361,Gil Vicente FC,Portugal,POR,C:\Users\lfmou\OneDrive\Documentos\Trabalhos\vida_de_boleiro\source_club_logos\POR\gil-vicente-fc.png,POR/gil-vicente-fc.png,exact,1.000
381,Leixões SC,Portugal,POR,C:\Users\lfmou\OneDrive\Documentos\Trabalhos\vida_de_boleiro\source_club_logos\POR\leixoes-sc.png,POR/leixoes-sc.png,exact,1.000
382,Lusitânia Lourosa,Portugal,POR,C:\Users\lfmou\OneDrive\Documentos\Trabalhos\vida_de_boleiro\source_club_logos\POR\lusitania-lourosa.png,POR/lusitania-lourosa.png,exact,1.000
371,Marítimo,Portugal,POR,C:\Users\lfmou\OneDrive\Documentos\Trabalhos\vida_de_boleiro\source_club_logos\POR\maritimo.png,POR/maritimo.png,exact,1.000
362,Moreirense FC,Portugal,POR,C:\Users\lfmou\OneDrive\Documentos\Trabalhos\vida_de_boleiro\source_club_logos\POR\moreirense-fc.png,POR/moreirense-fc.png,exact,1.000
384,Portimonense,Portugal,POR,C:\Users\lfmou\OneDrive\Documentos\Trabalhos\vida_de_boleiro\source_club_logos\POR\portimonense.png,POR/portimonense.png,exact,1.000
366,Rio Ave FC,Portugal,POR,C:\Users\lfmou\OneDrive\Documentos\Trabalhos\vida_de_boleiro\source_club_logos\POR\rio-ave-fc.png,POR/rio-ave-fc.png,exact,1.000
358,SC Braga,Portugal,POR,C:\Users\lfmou\OneDrive\Documentos\Trabalhos\vida_de_boleiro\source_club_logos\POR\sc-braga.png,POR/sc-braga.png,exact,1.000
378,SC Farense,Portugal,POR,C:\Users\lfmou\OneDrive\Documentos\Trabalhos\vida_de_boleiro\source_club_logos\POR\sc-farense.png,POR/sc-farense.png,exact,1.000
357,SL Benfica,Portugal,POR,C:\Users\lfmou\OneDrive\Documentos\Trabalhos\vida_de_boleiro\source_club_logos\POR\sl-benfica.png,POR/sl-benfica.png,exact,1.000
376,SL Benfica B,Portugal,POR,C:\Users\lfmou\OneDrive\Documentos\Trabalhos\vida_de_boleiro\source_club_logos\POR\sl-benfica.png,POR/sl-benfica-b.png,fuzzy,0.909
356,Sporting CP,Portugal,POR,C:\Users\lfmou\OneDrive\Documentos\Trabalhos\vida_de_boleiro\source_club_logos\POR\sporting-cp.png,POR/sporting-cp.png,exact,1.000
386,Sporting CP B,Portugal,POR,C:\Users\lfmou\OneDrive\Documentos\Trabalhos\vida_de_boleiro\source_club_logos\POR\sporting-cp-b.png,POR/sporting-cp-b.png,exact,1.000
389,UD Leiria,Portugal,POR,C:\Users\lfmou\OneDrive\Documentos\Trabalhos\vida_de_boleiro\source_club_logos\POR\ud-leiria.png,POR/ud-leiria.png,exact,1.000
359,Vitória SC,Portugal,POR,C:\Users\lfmou\OneDrive\Documentos\Trabalhos\vida_de_boleiro\source_club_logos\POR\vitoria-sc.png,POR/vitoria-sc.png,exact,1.000
