club_id,club,country,country_code,best_candidate,score,reason
436,Central Córdoba,Argentina,ARG,central-norte,0.714,no_confident_match
468,Chaco For Ever,Argentina,ARG,chacarita-juniors,0.452,no_confident_match
476,Estudiantes (BA),Argentina,ARG,estudiantes-de-rio-cuarto,0.667,no_confident_match
440,Estudiantes LP,Argentina,ARG,estudiantes-de-rio-cuarto,0.615,no_confident_match
441,Gimnasia LP,Argentina,ARG,gimnasia-y-tiro,0.692,no_confident_match
484,Mitre (SdE),Argentina,ARG,platense,0.471,no_confident_match
453,San Lorenzo,Argentina,ARG,san-telmo,0.600,no_confident_match
455,Talleres,Argentina,ARG,all-boys,0.500,no_confident_match
514,FCV Dender EH,Bélgica,BEL,rsc-anderlecht,0.593,no_confident_match
516,Jong KAA Gent,Bélgica,BEL,jong-genk,0.727,no_confident_match
518,K. Lierse S.K.,Bélgica,BEL,rfc-liege,0.476,no_confident_match
498,KAA Gent,Bélgica,BEL,jong-genk,0.471,no_confident_match
519,KAS Eupen,Bélgica,BEL,sk-beveren,0.526,no_confident_match
507,KRC Genk,Bélgica,BEL,jong-genk,0.588,no_confident_match
520,KSC Lokeren,Bélgica,BEL,sk-beveren,0.571,no_confident_match
512,KVC Westerlo,Bélgica,BEL,k-beerschot-va,0.462,no_confident_match
504,Lommel SK,Bélgica,BEL,jong-genk,0.333,no_confident_match
509,OH Leuven,Bélgica,BEL,sk-beveren,0.526,no_confident_match
521,Patro Eisden Maasmechelen,Bélgica,BEL,kv-mechelen,0.500,no_confident_match
523,RFC Seraing,Bélgica,BEL,rfc-liege,0.600,no_confident_match
500,Royal Antwerp FC,Bélgica,BEL,royal-francs-borains,0.545,no_confident_match
524,Royal Excelsior Virton,Bélgica,BEL,royal-francs-borains,0.571,no_confident_match
495,Royale Union Saint-Gilloise,Bélgica,BEL,royal-francs-borains,0.511,no_confident_match
505,STVV,Bélgica,BEL,k-beerschot-va,0.333,no_confident_match
497,Sporting Charleroi,Bélgica,BEL,sporting-hasselt,0.706,no_confident_match
503,Standard de Liège,Bélgica,BEL,rfc-liege,0.538,no_confident_match
62,ABECAT,Brasil,BRA,abc,0.667,no_confident_match
21,América-MG,Brasil,BRA,marica,0.625,no_confident_match
66,América-RJ,Brasil,BRA,marica,0.625,no_confident_match
67,América-RN,Brasil,BRA,marica,0.625,no_confident_match
22,Athletic,Brasil,BRA,nautico,0.533,no_confident_match
18,Athletico-PR,Brasil,BRA,atletico-de-alagoinhas,0.529,no_confident_match
71,Atlético-CE,Brasil,BRA,atletico-de-alagoinhas,0.606,no_confident_match
23,Atlético-GO,Brasil,BRA,atletico-de-alagoinhas,0.667,no_confident_match
13,Atlético-MG,Brasil,BRA,atletico-de-alagoinhas,0.606,no_confident_match
60,Barra-SC,Brasil,BRA,bahia,0.600,no_confident_match
59,Botafogo-PB,Brasil,BRA,botafogo,0.842,no_confident_match
25,Botafogo-SP,Brasil,BRA,botafogo,0.842,no_confident_match
78,Capital-DF,Brasil,BRA,caxias,0.500,no_confident_match
85,Decisão,Brasil,BRA,csa,0.600,no_confident_match
89,Fluminense-PI,Brasil,BRA,fluminense,0.870,no_confident_match
119,Nacional-AM,Brasil,BRA,internacional,0.667,no_confident_match
123,Operário VG,Brasil,BRA,oratorio,0.632,no_confident_match
122,Operário-MS,Brasil,BRA,oratorio,0.632,no_confident_match
36,Operário-PR,Brasil,BRA,oratorio,0.632,no_confident_match
127,Porto-BA,Brasil,BRA,porto-velho,0.632,no_confident_match
156,Portuguesa-RJ,Brasil,BRA,floresta,0.476,no_confident_match
128,Portuguesa-SP,Brasil,BRA,floresta,0.476,no_confident_match
130,Primavera-MT,Brasil,BRA,imperatriz,0.545,no_confident_match
9,Red Bull Bragantino,Brasil,BRA,lagarto,0.462,no_confident_match
133,Rio Branco-ES,Brasil,BRA,serra-branca,0.560,no_confident_match
135,Sampaio Corrêa-MA,Brasil,BRA,santa-catarina,0.452,no_confident_match
136,Sampaio Corrêa-RJ,Brasil,BRA,santa-catarina,0.452,no_confident_match
138,São José-RS,Brasil,BRA,sao-joseense,0.783,no_confident_match
141,São Raimundo-RR,Brasil,BRA,sao-bernardo,0.593,no_confident_match
134,Vitória-ES,Brasil,BRA,vitoria,0.824,no_confident_match
154,XV de Piracicaba,Brasil,BRA,aguia-de-maraba,0.516,no_confident_match
55,Ypiranga-RS,Brasil,BRA,palmeiras,0.500,no_confident_match
174,Nottingham Forest,Inglaterra,ENG,tottenham-hotspur,0.588,no_confident_match
221,AD Ceuta FC,Espanha,ESP,ca-osasuna,0.444,no_confident_match
204,Celta,Espanha,ESP,celta-fortuna,0.556,no_confident_match
207,FC Barcelona,Espanha,ESP,celta-fortuna,0.545,no_confident_match
211,R. Racing Club,Espanha,ESP,real-madrid,0.421,no_confident_match
235,R. Sociedad B,Espanha,ESP,real-sociedad,0.800,no_confident_match
213,RC Deportivo,Espanha,ESP,deportivo-alaves,0.643,no_confident_match
214,RCD Espanyol de Barcelona,Espanha,ESP,cd-eldense,0.457,no_confident_match
236,RCD Mallorca,Espanha,ESP,cd-castellon,0.583,no_confident_match
238,Real Sporting,Espanha,ESP,real-sociedad,0.615,no_confident_match
240,SD Eibar,Espanha,ESP,ud-almeria,0.556,no_confident_match
322,AS Monaco,França,FRA,as-nancy-lorraine,0.538,no_confident_match
339,AS Saint-Étienne,França,FRA,as-nancy-lorraine,0.424,no_confident_match
332,Angers SCO,França,FRA,fc-annecy,0.500,no_confident_match
351,Dijon FCO,França,FRA,clermont-foot-63,0.400,no_confident_match
335,ESTAC Troyes,França,FRA,stade-de-reims,0.538,no_confident_match
352,FC Sochaux-Montbéliard,França,FRA,aj-auxerre,0.345,no_confident_match
343,Grenoble Foot 38,França,FRA,clermont-foot-63,0.562,no_confident_match
323,LOSC Lille,França,FRA,fc-lorient,0.471,no_confident_match
340,Montpellier Hérault SC,França,FRA,clermont-foot-63,0.343,no_confident_match
326,OGC Nice,França,FRA,as-nancy-lorraine,0.320,no_confident_match
321,Olympique Lyonnais,França,FRA,olympique-de-marseille,0.550,no_confident_match
319,Paris Saint-Germain,França,FRA,paris-fc,0.417,no_confident_match
324,RC Lens,França,FRA,le-mans-fc,0.571,no_confident_match
327,RC Strasbourg Alsace,França,FRA,toulouse-fc,0.429,no_confident_match
353,Red Star FC,França,FRA,fc-lorient,0.400,no_confident_match
347,Rodez AF,França,FRA,le-mans-fc,0.400,no_confident_match
329,Stade Brestois 29,França,FRA,stade-de-reims,0.581,no_confident_match
348,Stade Lavallois,França,FRA,stade-de-reims,0.552,no_confident_match
325,Stade Rennais FC,França,FRA,stade-de-reims,0.741,no_confident_match
350,US Boulogne CO,França,FRA,toulouse-fc,0.455,no_confident_match
344,USL Dunkerque,França,FRA,stade-de-reims,0.444,no_confident_match
302,1. FC Heidenheim 1846,Alemanha,GER,tsg-hoffenheim,0.516,no_confident_match
296,1. FC Köln,Alemanha,GER,1-fc-union-berlin,0.500,no_confident_match
292,1. FSV Mainz 05,Alemanha,GER,1-fc-union-berlin,0.357,no_confident_match
313,DSC Arminia Bielefeld,Alemanha,GER,holstein-kiel,0.412,no_confident_match
298,FC Schalke 04,Alemanha,GER,hannover-96,0.381,no_confident_match
303,FC St. Pauli,Alemanha,GER,holstein-kiel,0.381,no_confident_match
295,Hamburger SV,Alemanha,GER,fc-augsburg,0.500,no_confident_match
307,Hertha BSC,Alemanha,GER,fc-energie-cottbus,0.400,no_confident_match
305,SV Darmstadt 98,Alemanha,GER,sg-dynamo-dresden,0.438,no_confident_match
289,Sport-Club Freiburg,Alemanha,GER,1-fc-magdeburg,0.480,no_confident_match
286,VfB Stuttgart,Alemanha,GER,spvgg-greuther-furth,0.364,no_confident_match
309,VfL Bochum 1848,Alemanha,GER,sv-werder-bremen,0.258,no_confident_match
317,VfL Osnabrück,Alemanha,GER,sv-elversberg,0.385,no_confident_match
301,VfL Wolfsburg,Alemanha,GER,fc-augsburg,0.476,no_confident_match
251,Inter,Itália,ITA,udinese,0.500,no_confident_match
274,L.R. Vicenza,Itália,ITA,venezia,0.556,no_confident_match
394,AZ,Países Baixos,NED,jong-az,0.444,no_confident_match
404,Excelsior Rotterdam,Países Baixos,NED,sparta-rotterdam,0.686,no_confident_match
399,FC Groningen,Países Baixos,NED,fc-eindhoven,0.444,no_confident_match
392,PSV,Países Baixos,NED,jong-psv,0.545,no_confident_match
425,Roda JC Kerkrade,Países Baixos,NED,go-ahead-eagles,0.387,no_confident_match
428,VVV-Venlo,Países Baixos,NED,fc-volendam,0.353,no_confident_match
374,AFS,Portugal,POR,sc-farense,0.400,no_confident_match
368,CD Nacional,Portugal,POR,cd-tondela,0.571,no_confident_match
380,FC Felgueiras 1932,Portugal,POR,ud-leiria,0.417,no_confident_match
355,FC Porto,Portugal,POR,portimonense,0.588,no_confident_match
385,FC Porto B,Portugal,POR,sporting-cp-b,0.600,no_confident_match
388,SCU Torreense,Portugal,POR,moreirense-fc,0.609,no_confident_match
